RI,c,hpV,rrp2rest,rrp2spike,surviveBinary
0.1,0.1,-80.0,35.0,0.0,0.0
0.1,0.1,-80.0,21.0,0.0,0.0
0.1,0.1,-80.0,25.0,0.0,0.0
0.1,0.1,-80.0,40.0,0.0,0.0
0.1,0.1,-80.0,31.0,0.0,0.0
0.1,0.1,-80.0,36.0,0.0,0.0
0.1,0.1,-80.0,27.0,0.0,0.0
0.1,0.1,-80.0,29.0,0.0,0.0
0.1,0.1,-80.0,25.0,0.0,0.0
0.1,0.1,-80.0,26.0,0.0,0.0
0.1,0.1,-80.0,36.0,0.0,0.0
0.1,0.1,-80.0,38.0,0.0,0.0
0.1,0.1,-80.0,36.0,0.0,0.0
0.1,0.1,-80.0,24.0,0.0,0.0
0.1,0.1,-80.0,29.0,0.0,0.0
0.1,0.1,-80.0,37.0,0.0,0.0
0.1,0.1,-80.0,35.0,0.0,0.0
0.1,0.1,-80.0,31.0,0.0,0.0
0.1,0.1,-80.0,26.0,0.0,0.0
0.1,0.1,-80.0,27.0,0.0,0.0
0.1,0.15,-80.0,27.0,0.0,0.0
0.1,0.15,-80.0,33.0,0.0,0.0
0.1,0.15,-80.0,45.0,0.0,0.0
0.1,0.15,-80.0,38.0,0.0,0.0
0.1,0.15,-80.0,27.0,0.0,0.0
0.1,0.15,-80.0,26.0,0.0,0.0
0.1,0.15,-80.0,25.0,0.0,0.0
0.1,0.15,-80.0,36.0,0.0,0.0
0.1,0.15,-80.0,23.0,0.0,0.0
0.1,0.15,-80.0,31.0,0.0,0.0
0.1,0.15,-80.0,16.0,0.0,0.0
0.1,0.15,-80.0,29.0,0.0,0.0
0.1,0.15,-80.0,45.0,0.0,0.0
0.1,0.15,-80.0,33.0,0.0,0.0
0.1,0.15,-80.0,29.0,0.0,0.0
0.1,0.15,-80.0,31.0,0.0,0.0
0.1,0.15,-80.0,22.0,0.0,0.0
0.1,0.15,-80.0,42.0,0.0,0.0
0.1,0.15,-80.0,26.0,0.0,0.0
0.1,0.15,-80.0,37.0,0.0,0.0
0.1,0.2,-80.0,36.0,0.0,0.0
0.1,0.2,-80.0,39.0,0.0,0.0
0.1,0.2,-80.0,29.0,0.0,0.0
0.1,0.2,-80.0,23.0,0.0,0.0
0.1,0.2,-80.0,37.0,0.0,0.0
0.1,0.2,-80.0,23.0,0.0,0.0
0.1,0.2,-80.0,38.0,0.0,0.0
0.1,0.2,-80.0,32.0,0.0,0.0
0.1,0.2,-80.0,27.0,0.0,0.0
0.1,0.2,-80.0,41.0,0.0,0.0
0.1,0.2,-80.0,32.0,0.0,0.0
0.1,0.2,-80.0,29.0,0.0,0.0
0.1,0.2,-80.0,32.0,0.0,0.0
0.1,0.2,-80.0,33.0,0.0,0.0
0.1,0.2,-80.0,24.0,0.0,0.0
0.1,0.2,-80.0,26.0,0.0,0.0
0.1,0.2,-80.0,34.0,0.0,0.0
0.1,0.2,-80.0,38.0,0.0,0.0
0.1,0.2,-80.0,34.0,0.0,0.0
0.1,0.2,-80.0,37.0,0.0,0.0
0.1,0.25,-80.0,24.0,0.0,0.0
0.1,0.25,-80.0,37.0,0.0,0.0
0.1,0.25,-80.0,33.0,0.0,0.0
0.1,0.25,-80.0,32.0,0.0,0.0
0.1,0.25,-80.0,26.0,0.0,0.0
0.1,0.25,-80.0,40.0,0.0,0.0
0.1,0.25,-80.0,32.0,0.0,0.0
0.1,0.25,-80.0,42.0,0.0,0.0
0.1,0.25,-80.0,23.0,0.0,0.0
0.1,0.25,-80.0,28.0,0.0,0.0
0.1,0.25,-80.0,32.0,0.0,0.0
0.1,0.25,-80.0,36.0,0.0,0.0
0.1,0.25,-80.0,21.0,0.0,0.0
0.1,0.25,-80.0,28.0,0.0,0.0
0.1,0.25,-80.0,22.0,0.0,0.0
0.1,0.25,-80.0,23.0,0.0,0.0
0.1,0.25,-80.0,28.0,0.0,0.0
0.1,0.25,-80.0,33.0,0.0,0.0
0.1,0.25,-80.0,36.0,0.0,0.0
0.1,0.25,-80.0,26.0,0.0,0.0
0.1,0.3,-80.0,30.0,0.0,0.0
0.1,0.3,-80.0,23.0,0.0,0.0
0.1,0.3,-80.0,27.0,0.0,0.0
0.1,0.3,-80.0,31.0,0.0,0.0
0.1,0.3,-80.0,22.0,0.0,0.0
0.1,0.3,-80.0,27.0,0.0,0.0
0.1,0.3,-80.0,34.0,0.0,0.0
0.1,0.3,-80.0,24.0,0.0,0.0
0.1,0.3,-80.0,25.0,0.0,0.0
0.1,0.3,-80.0,27.0,0.0,0.0
0.1,0.3,-80.0,29.0,0.0,0.0
0.1,0.3,-80.0,24.0,0.0,0.0
0.1,0.3,-80.0,28.0,0.0,0.0
0.1,0.3,-80.0,26.0,0.0,0.0
0.1,0.3,-80.0,27.0,0.0,0.0
0.1,0.3,-80.0,27.0,0.0,0.0
0.1,0.3,-80.0,27.0,0.0,0.0
0.1,0.3,-80.0,40.0,0.0,0.0
0.1,0.3,-80.0,37.0,0.0,0.0
0.1,0.3,-80.0,27.0,0.0,0.0
0.1,0.35,-80.0,30.0,0.0,0.0
0.1,0.35,-80.0,35.0,0.0,0.0
0.1,0.35,-80.0,41.0,0.0,0.0
0.1,0.35,-80.0,30.0,0.0,0.0
0.1,0.35,-80.0,33.0,0.0,0.0
0.1,0.35,-80.0,33.0,0.0,0.0
0.1,0.35,-80.0,21.0,0.0,0.0
0.1,0.35,-80.0,27.0,0.0,0.0
0.1,0.35,-80.0,36.0,0.0,0.0
0.1,0.35,-80.0,24.0,0.0,0.0
0.1,0.35,-80.0,28.0,0.0,0.0
0.1,0.35,-80.0,28.0,0.0,0.0
0.1,0.35,-80.0,37.0,0.0,0.0
0.1,0.35,-80.0,34.0,0.0,0.0
0.1,0.35,-80.0,37.0,0.0,0.0
0.1,0.35,-80.0,33.0,0.0,0.0
0.1,0.35,-80.0,32.0,0.0,0.0
0.1,0.35,-80.0,34.0,0.0,0.0
0.1,0.35,-80.0,33.0,0.0,0.0
0.1,0.35,-80.0,33.0,0.0,0.0
0.1,0.4,-80.0,33.0,0.0,0.0
0.1,0.4,-80.0,37.0,0.0,0.0
0.1,0.4,-80.0,27.0,0.0,0.0
0.1,0.4,-80.0,29.0,0.0,0.0
0.1,0.4,-80.0,27.0,0.0,0.0
0.1,0.4,-80.0,25.0,0.0,0.0
0.1,0.4,-80.0,27.0,0.0,0.0
0.1,0.4,-80.0,38.0,0.0,0.0
0.1,0.4,-80.0,27.0,0.0,0.0
0.1,0.4,-80.0,25.0,0.0,0.0
0.1,0.4,-80.0,26.0,0.0,0.0
0.1,0.4,-80.0,21.0,0.0,0.0
0.1,0.4,-80.0,25.0,0.0,0.0
0.1,0.4,-80.0,35.0,0.0,0.0
0.1,0.4,-80.0,31.0,0.0,0.0
0.1,0.4,-80.0,30.0,0.0,0.0
0.1,0.4,-80.0,25.0,0.0,0.0
0.1,0.4,-80.0,25.0,0.0,0.0
0.1,0.4,-80.0,34.0,0.0,0.0
0.1,0.4,-80.0,32.0,0.0,0.0
0.1,0.45,-80.0,32.0,0.0,0.0
0.1,0.45,-80.0,39.0,0.0,0.0
0.1,0.45,-80.0,23.0,0.0,0.0
0.1,0.45,-80.0,35.0,0.0,0.0
0.1,0.45,-80.0,39.0,0.0,0.0
0.1,0.45,-80.0,34.0,0.0,0.0
0.1,0.45,-80.0,36.0,0.0,0.0
0.1,0.45,-80.0,34.0,0.0,0.0
0.1,0.45,-80.0,37.0,0.0,0.0
0.1,0.45,-80.0,32.0,0.0,0.0
0.1,0.45,-80.0,40.0,0.0,0.0
0.1,0.45,-80.0,33.0,0.0,0.0
0.1,0.45,-80.0,38.0,0.0,0.0
0.1,0.45,-80.0,22.0,0.0,0.0
0.1,0.45,-80.0,30.0,0.0,0.0
0.1,0.45,-80.0,35.0,0.0,0.0
0.1,0.45,-80.0,23.0,0.0,0.0
0.1,0.45,-80.0,34.0,0.0,0.0
0.1,0.45,-80.0,40.0,0.0,0.0
0.1,0.45,-80.0,28.0,0.0,0.0
0.1,0.5,-80.0,28.0,0.0,0.0
0.1,0.5,-80.0,36.0,0.0,0.0
0.1,0.5,-80.0,27.0,0.0,0.0
0.1,0.5,-80.0,30.0,0.0,0.0
0.1,0.5,-80.0,37.0,0.0,0.0
0.1,0.5,-80.0,34.0,0.0,0.0
0.1,0.5,-80.0,25.0,0.0,0.0
0.1,0.5,-80.0,30.0,0.0,0.0
0.1,0.5,-80.0,27.0,0.0,0.0
0.1,0.5,-80.0,28.0,0.0,0.0
0.1,0.5,-80.0,25.0,0.0,0.0
0.1,0.5,-80.0,27.0,0.0,0.0
0.1,0.5,-80.0,24.0,0.0,0.0
0.1,0.5,-80.0,22.0,0.0,0.0
0.1,0.5,-80.0,39.0,0.0,0.0
0.1,0.5,-80.0,31.0,0.0,0.0
0.1,0.5,-80.0,25.0,0.0,0.0
0.1,0.5,-80.0,33.0,0.0,0.0
0.1,0.5,-80.0,21.0,0.0,0.0
0.1,0.5,-80.0,31.0,0.0,0.0
0.1,0.55,-80.0,25.0,0.0,0.0
0.1,0.55,-80.0,25.0,0.0,0.0
0.1,0.55,-80.0,32.0,0.0,0.0
0.1,0.55,-80.0,29.0,0.0,0.0
0.1,0.55,-80.0,36.0,0.0,0.0
0.1,0.55,-80.0,26.0,0.0,0.0
0.1,0.55,-80.0,25.0,0.0,0.0
0.1,0.55,-80.0,28.0,0.0,0.0
0.1,0.55,-80.0,34.0,0.0,0.0
0.1,0.55,-80.0,27.0,0.0,0.0
0.1,0.55,-80.0,37.0,0.0,0.0
0.1,0.55,-80.0,36.0,0.0,0.0
0.1,0.55,-80.0,20.0,0.0,0.0
0.1,0.55,-80.0,27.0,0.0,0.0
0.1,0.55,-80.0,21.0,0.0,0.0
0.1,0.55,-80.0,39.0,0.0,0.0
0.1,0.55,-80.0,37.0,0.0,0.0
0.1,0.55,-80.0,36.0,0.0,0.0
0.1,0.55,-80.0,41.0,0.0,0.0
0.1,0.55,-80.0,41.0,0.0,0.0
0.1,0.6,-80.0,32.0,0.0,0.0
0.1,0.6,-80.0,28.0,0.0,0.0
0.1,0.6,-80.0,33.0,0.0,0.0
0.1,0.6,-80.0,340.0,0.0,1.0
0.1,0.6,-80.0,37.0,0.0,0.0
0.1,0.6,-80.0,32.0,0.0,0.0
0.1,0.6,-80.0,38.0,0.0,0.0
0.1,0.6,-80.0,25.0,0.0,0.0
0.1,0.6,-80.0,41.0,0.0,0.0
0.1,0.6,-80.0,21.0,0.0,0.0
0.1,0.6,-80.0,29.0,0.0,0.0
0.1,0.6,-80.0,33.0,0.0,0.0
0.1,0.6,-80.0,32.0,0.0,0.0
0.1,0.6,-80.0,23.0,0.0,0.0
0.1,0.6,-80.0,36.0,0.0,0.0
0.1,0.6,-80.0,29.0,0.0,0.0
0.1,0.6,-80.0,36.0,0.0,0.0
0.1,0.6,-80.0,28.0,0.0,0.0
0.1,0.6,-80.0,32.0,0.0,0.0
0.1,0.6,-80.0,33.0,0.0,0.0
0.1,0.62,-80.0,34.0,0.0,0.0
0.1,0.62,-80.0,34.0,0.0,0.0
0.1,0.62,-80.0,37.0,0.0,0.0
0.1,0.62,-80.0,27.0,0.0,0.0
0.1,0.62,-80.0,31.0,0.0,0.0
0.1,0.62,-80.0,36.0,0.0,0.0
0.1,0.62,-80.0,20.0,0.0,0.0
0.1,0.62,-80.0,34.0,0.0,0.0
0.1,0.62,-80.0,24.0,0.0,0.0
0.1,0.62,-80.0,29.0,0.0,0.0
0.1,0.62,-80.0,32.0,0.0,0.0
0.1,0.62,-80.0,41.0,0.0,0.0
0.1,0.62,-80.0,34.0,0.0,0.0
0.1,0.62,-80.0,38.0,0.0,0.0
0.1,0.62,-80.0,33.0,0.0,0.0
0.1,0.62,-80.0,39.0,0.0,0.0
0.1,0.62,-80.0,46.0,0.0,0.0
0.1,0.62,-80.0,27.0,0.0,0.0
0.1,0.62,-80.0,38.0,0.0,0.0
0.1,0.62,-80.0,29.0,0.0,0.0
0.1,0.64,-80.0,34.0,0.0,0.0
0.1,0.64,-80.0,30.0,0.0,0.0
0.1,0.64,-80.0,35.0,0.0,0.0
0.1,0.64,-80.0,36.0,0.0,0.0
0.1,0.64,-80.0,29.0,0.0,0.0
0.1,0.64,-80.0,39.0,0.0,0.0
0.1,0.64,-80.0,33.0,0.0,0.0
0.1,0.64,-80.0,33.0,0.0,0.0
0.1,0.64,-80.0,38.0,0.0,0.0
0.1,0.64,-80.0,43.0,0.0,0.0
0.1,0.64,-80.0,27.0,0.0,0.0
0.1,0.64,-80.0,41.0,0.0,0.0
0.1,0.64,-80.0,43.0,0.0,0.0
0.1,0.64,-80.0,32.0,0.0,0.0
0.1,0.64,-80.0,20.0,0.0,0.0
0.1,0.64,-80.0,37.0,0.0,0.0
0.1,0.64,-80.0,35.0,0.0,0.0
0.1,0.64,-80.0,527.0,1.0,1.0
0.1,0.64,-80.0,32.0,0.0,0.0
0.1,0.64,-80.0,39.0,0.0,0.0
0.1,0.66,-80.0,26.0,0.0,0.0
0.1,0.66,-80.0,31.0,0.0,0.0
0.1,0.66,-80.0,42.0,0.0,0.0
0.1,0.66,-80.0,32.0,0.0,0.0
0.1,0.66,-80.0,27.0,0.0,0.0
0.1,0.66,-80.0,27.0,0.0,0.0
0.1,0.66,-80.0,34.0,0.0,0.0
0.1,0.66,-80.0,33.0,0.0,0.0
0.1,0.66,-80.0,34.0,0.0,0.0
0.1,0.66,-80.0,29.0,0.0,0.0
0.1,0.66,-80.0,23.0,0.0,0.0
0.1,0.66,-80.0,35.0,0.0,0.0
0.1,0.66,-80.0,39.0,0.0,0.0
0.1,0.66,-80.0,36.0,0.0,0.0
0.1,0.66,-80.0,24.0,0.0,0.0
0.1,0.66,-80.0,35.0,0.0,0.0
0.1,0.66,-80.0,24.0,0.0,0.0
0.1,0.66,-80.0,31.0,0.0,0.0
0.1,0.66,-80.0,26.0,0.0,0.0
0.1,0.66,-80.0,34.0,0.0,0.0
0.1,0.68,-80.0,30.0,0.0,0.0
0.1,0.68,-80.0,27.0,0.0,0.0
0.1,0.68,-80.0,36.0,0.0,0.0
0.1,0.68,-80.0,36.0,0.0,0.0
0.1,0.68,-80.0,38.0,0.0,0.0
0.1,0.68,-80.0,37.0,0.0,0.0
0.1,0.68,-80.0,39.0,0.0,0.0
0.1,0.68,-80.0,49.0,0.0,0.0
0.1,0.68,-80.0,22.0,0.0,0.0
0.1,0.68,-80.0,44.0,0.0,0.0
0.1,0.68,-80.0,38.0,0.0,0.0
0.1,0.68,-80.0,29.0,0.0,0.0
0.1,0.68,-80.0,23.0,0.0,0.0
0.1,0.68,-80.0,35.0,0.0,0.0
0.1,0.68,-80.0,46.0,0.0,0.0
0.1,0.68,-80.0,32.0,0.0,0.0
0.1,0.68,-80.0,40.0,0.0,0.0
0.1,0.68,-80.0,39.0,0.0,0.0
0.1,0.68,-80.0,29.0,0.0,0.0
0.1,0.68,-80.0,31.0,0.0,0.0
0.1,0.7,-80.0,30.0,0.0,0.0
0.1,0.7,-80.0,36.0,0.0,0.0
0.1,0.7,-80.0,21.0,0.0,0.0
0.1,0.7,-80.0,34.0,0.0,0.0
0.1,0.7,-80.0,28.0,0.0,0.0
0.1,0.7,-80.0,37.0,0.0,0.0
0.1,0.7,-80.0,31.0,0.0,0.0
0.1,0.7,-80.0,39.0,0.0,0.0
0.1,0.7,-80.0,33.0,0.0,0.0
0.1,0.7,-80.0,33.0,0.0,0.0
0.1,0.7,-80.0,29.0,0.0,0.0
0.1,0.7,-80.0,28.0,0.0,0.0
0.1,0.7,-80.0,26.0,0.0,0.0
0.1,0.7,-80.0,34.0,0.0,0.0
0.1,0.7,-80.0,29.0,0.0,0.0
0.1,0.7,-80.0,22.0,0.0,0.0
0.1,0.7,-80.0,27.0,0.0,0.0
0.1,0.7,-80.0,36.0,0.0,0.0
0.1,0.7,-80.0,40.0,0.0,0.0
0.1,0.7,-80.0,39.0,0.0,0.0
0.1,0.72,-80.0,27.0,0.0,0.0
0.1,0.72,-80.0,32.0,0.0,0.0
0.1,0.72,-80.0,51.0,1.0,0.0
0.1,0.72,-80.0,34.0,0.0,0.0
0.1,0.72,-80.0,31.0,0.0,0.0
0.1,0.72,-80.0,33.0,0.0,0.0
0.1,0.72,-80.0,36.0,0.0,0.0
0.1,0.72,-80.0,36.0,0.0,0.0
0.1,0.72,-80.0,16.0,0.0,0.0
0.1,0.72,-80.0,33.0,0.0,0.0
0.1,0.72,-80.0,31.0,0.0,0.0
0.1,0.72,-80.0,41.0,0.0,0.0
0.1,0.72,-80.0,35.0,0.0,0.0
0.1,0.72,-80.0,32.0,0.0,0.0
0.1,0.72,-80.0,27.0,0.0,0.0
0.1,0.72,-80.0,31.0,0.0,0.0
0.1,0.72,-80.0,32.0,0.0,0.0
0.1,0.72,-80.0,39.0,0.0,0.0
0.1,0.72,-80.0,35.0,0.0,0.0
0.1,0.72,-80.0,35.0,0.0,0.0
0.1,0.74,-80.0,36.0,0.0,0.0
0.1,0.74,-80.0,38.0,0.0,0.0
0.1,0.74,-80.0,36.0,0.0,0.0
0.1,0.74,-80.0,32.0,0.0,0.0
0.1,0.74,-80.0,33.0,0.0,0.0
0.1,0.74,-80.0,46.0,0.0,0.0
0.1,0.74,-80.0,34.0,0.0,0.0
0.1,0.74,-80.0,532.0,1.0,1.0
0.1,0.74,-80.0,41.0,0.0,0.0
0.1,0.74,-80.0,24.0,0.0,0.0
0.1,0.74,-80.0,32.0,0.0,0.0
0.1,0.74,-80.0,67.0,0.0,0.0
0.1,0.74,-80.0,601.0,3.0,1.0
0.1,0.74,-80.0,35.0,0.0,0.0
0.1,0.74,-80.0,41.0,0.0,0.0
0.1,0.74,-80.0,32.0,0.0,0.0
0.1,0.74,-80.0,35.0,0.0,0.0
0.1,0.74,-80.0,36.0,0.0,0.0
0.1,0.74,-80.0,38.0,0.0,0.0
0.1,0.74,-80.0,38.0,0.0,0.0
0.1,0.76,-80.0,41.0,0.0,0.0
0.1,0.76,-80.0,29.0,0.0,0.0
0.1,0.76,-80.0,23.0,0.0,0.0
0.1,0.76,-80.0,39.0,0.0,0.0
0.1,0.76,-80.0,31.0,0.0,0.0
0.1,0.76,-80.0,42.0,0.0,0.0
0.1,0.76,-80.0,30.0,0.0,0.0
0.1,0.76,-80.0,49.0,3.0,0.0
0.1,0.76,-80.0,48.0,0.0,0.0
0.1,0.76,-80.0,39.0,0.0,0.0
0.1,0.76,-80.0,38.0,0.0,0.0
0.1,0.76,-80.0,26.0,0.0,0.0
0.1,0.76,-80.0,26.0,0.0,0.0
0.1,0.76,-80.0,27.0,0.0,0.0
0.1,0.76,-80.0,26.0,0.0,0.0
0.1,0.76,-80.0,45.0,0.0,0.0
0.1,0.76,-80.0,22.0,0.0,0.0
0.1,0.76,-80.0,36.0,0.0,0.0
0.1,0.76,-80.0,30.0,0.0,0.0
0.1,0.76,-80.0,37.0,0.0,0.0
0.1,0.78,-80.0,21.0,0.0,0.0
0.1,0.78,-80.0,42.0,0.0,0.0
0.1,0.78,-80.0,31.0,0.0,0.0
0.1,0.78,-80.0,38.0,0.0,0.0
0.1,0.78,-80.0,31.0,0.0,0.0
0.1,0.78,-80.0,161.0,0.0,1.0
0.1,0.78,-80.0,37.0,0.0,0.0
0.1,0.78,-80.0,35.0,0.0,0.0
0.1,0.78,-80.0,44.0,0.0,0.0
0.1,0.78,-80.0,27.0,0.0,0.0
0.1,0.78,-80.0,33.0,0.0,0.0
0.1,0.78,-80.0,25.0,0.0,0.0
0.1,0.78,-80.0,40.0,0.0,0.0
0.1,0.78,-80.0,32.0,0.0,0.0
0.1,0.78,-80.0,43.0,0.0,0.0
0.1,0.78,-80.0,41.0,0.0,0.0
0.1,0.78,-80.0,40.0,0.0,0.0
0.1,0.78,-80.0,28.0,0.0,0.0
0.1,0.78,-80.0,38.0,0.0,0.0
0.1,0.78,-80.0,33.0,0.0,0.0
0.1,0.8,-80.0,147.0,0.0,1.0
0.1,0.8,-80.0,34.0,0.0,0.0
0.1,0.8,-80.0,39.0,0.0,0.0
0.1,0.8,-80.0,32.0,0.0,0.0
0.1,0.8,-80.0,44.0,0.0,0.0
0.1,0.8,-80.0,29.0,0.0,0.0
0.1,0.8,-80.0,44.0,0.0,0.0
0.1,0.8,-80.0,45.0,0.0,0.0
0.1,0.8,-80.0,29.0,0.0,0.0
0.1,0.8,-80.0,29.0,0.0,0.0
0.1,0.8,-80.0,27.0,0.0,0.0
0.1,0.8,-80.0,37.0,0.0,0.0
0.1,0.8,-80.0,33.0,0.0,0.0
0.1,0.8,-80.0,30.0,0.0,0.0
0.1,0.8,-80.0,38.0,0.0,0.0
0.1,0.8,-80.0,37.0,0.0,0.0
0.1,0.8,-80.0,45.0,0.0,0.0
0.1,0.8,-80.0,44.0,0.0,0.0
0.1,0.8,-80.0,36.0,0.0,0.0
0.1,0.8,-80.0,32.0,0.0,0.0
0.1,0.82,-80.0,44.0,0.0,0.0
0.1,0.82,-80.0,33.0,0.0,0.0
0.1,0.82,-80.0,40.0,0.0,0.0
0.1,0.82,-80.0,873.0,0.0,1.0
0.1,0.82,-80.0,42.0,0.0,0.0
0.1,0.82,-80.0,164.0,0.0,1.0
0.1,0.82,-80.0,33.0,0.0,0.0
0.1,0.82,-80.0,155.0,0.0,1.0
0.1,0.82,-80.0,714.0,0.0,1.0
0.1,0.82,-80.0,34.0,0.0,0.0
0.1,0.82,-80.0,31.0,0.0,0.0
0.1,0.82,-80.0,55.0,6.0,0.0
0.1,0.82,-80.0,33.0,0.0,0.0
0.1,0.82,-80.0,27.0,0.0,0.0
0.1,0.82,-80.0,40.0,0.0,0.0
0.1,0.82,-80.0,38.0,0.0,0.0
0.1,0.82,-80.0,59.0,0.0,0.0
0.1,0.82,-80.0,28.0,0.0,0.0
0.1,0.82,-80.0,45.0,0.0,0.0
0.1,0.82,-80.0,48.0,0.0,0.0
0.1,0.84,-80.0,23.0,0.0,0.0
0.1,0.84,-80.0,24.0,0.0,0.0
0.1,0.84,-80.0,30.0,0.0,0.0
0.1,0.84,-80.0,34.0,0.0,0.0
0.1,0.84,-80.0,32.0,0.0,0.0
0.1,0.84,-80.0,37.0,0.0,0.0
0.1,0.84,-80.0,35.0,0.0,0.0
0.1,0.84,-80.0,30.0,0.0,0.0
0.1,0.84,-80.0,46.0,0.0,0.0
0.1,0.84,-80.0,712.0,1.0,1.0
0.1,0.84,-80.0,27.0,0.0,0.0
0.1,0.84,-80.0,45.0,0.0,0.0
0.1,0.84,-80.0,36.0,0.0,0.0
0.1,0.84,-80.0,38.0,0.0,0.0
0.1,0.84,-80.0,42.0,0.0,0.0
0.1,0.84,-80.0,42.0,0.0,0.0
0.1,0.84,-80.0,28.0,0.0,0.0
0.1,0.84,-80.0,26.0,0.0,0.0
0.1,0.84,-80.0,38.0,0.0,0.0
0.1,0.84,-80.0,45.0,0.0,0.0
0.1,0.86,-80.0,29.0,0.0,0.0
0.1,0.86,-80.0,152.0,0.0,1.0
0.1,0.86,-80.0,49.0,0.0,0.0
0.1,0.86,-80.0,70.0,0.0,0.0
0.1,0.86,-80.0,26.0,0.0,0.0
0.1,0.86,-80.0,707.0,2.0,1.0
0.1,0.86,-80.0,52.0,0.0,0.0
0.1,0.86,-80.0,46.0,0.0,0.0
0.1,0.86,-80.0,37.0,0.0,0.0
0.1,0.86,-80.0,32.0,0.0,0.0
0.1,0.86,-80.0,35.0,0.0,0.0
0.1,0.86,-80.0,30.0,0.0,0.0
0.1,0.86,-80.0,33.0,0.0,0.0
0.1,0.86,-80.0,29.0,0.0,0.0
0.1,0.86,-80.0,37.0,0.0,0.0
0.1,0.86,-80.0,169.0,0.0,1.0
0.1,0.86,-80.0,24.0,0.0,0.0
0.1,0.86,-80.0,708.0,1.0,1.0
0.1,0.86,-80.0,40.0,0.0,0.0
0.1,0.86,-80.0,38.0,0.0,0.0
0.1,0.88,-80.0,35.0,0.0,0.0
0.1,0.88,-80.0,46.0,0.0,0.0
0.1,0.88,-80.0,34.0,0.0,0.0
0.1,0.88,-80.0,897.0,0.0,1.0
0.1,0.88,-80.0,884.0,1.0,1.0
0.1,0.88,-80.0,722.0,6.0,1.0
0.1,0.88,-80.0,43.0,0.0,0.0
0.1,0.88,-80.0,697.0,1.0,1.0
0.1,0.88,-80.0,29.0,0.0,0.0
0.1,0.88,-80.0,773.0,8.0,1.0
0.1,0.88,-80.0,71.0,3.0,0.0
0.1,0.88,-80.0,41.0,0.0,0.0
0.1,0.88,-80.0,48.0,0.0,0.0
0.1,0.88,-80.0,162.0,0.0,1.0
0.1,0.88,-80.0,32.0,0.0,0.0
0.1,0.88,-80.0,58.0,0.0,0.0
0.1,0.88,-80.0,30.0,0.0,0.0
0.1,0.88,-80.0,44.0,0.0,0.0
0.1,0.88,-80.0,48.0,0.0,0.0
0.1,0.88,-80.0,36.0,0.0,0.0
0.1,0.9,-80.0,29.0,0.0,0.0
0.1,0.9,-80.0,28.0,0.0,0.0
0.1,0.9,-80.0,36.0,0.0,0.0
0.1,0.9,-80.0,901.0,4.0,1.0
0.1,0.9,-80.0,43.0,0.0,0.0
0.1,0.9,-80.0,165.0,0.0,1.0
0.1,0.9,-80.0,41.0,0.0,0.0
0.1,0.9,-80.0,35.0,0.0,0.0
0.1,0.9,-80.0,877.0,7.0,1.0
0.1,0.9,-80.0,865.0,0.0,1.0
0.1,0.9,-80.0,68.0,3.0,0.0
0.1,0.9,-80.0,83.0,3.0,0.0
0.1,0.9,-80.0,54.0,0.0,0.0
0.1,0.9,-80.0,41.0,0.0,0.0
0.1,0.9,-80.0,39.0,0.0,0.0
0.1,0.9,-80.0,39.0,0.0,0.0
0.1,0.9,-80.0,41.0,0.0,0.0
0.1,0.9,-80.0,777.0,4.0,1.0
0.1,0.9,-80.0,85.0,4.0,0.0
0.1,0.9,-80.0,39.0,0.0,0.0
0.1,0.92,-80.0,174.0,0.0,1.0
0.1,0.92,-80.0,70.0,0.0,0.0
0.1,0.92,-80.0,906.0,2.0,1.0
0.1,0.92,-80.0,32.0,0.0,0.0
0.1,0.92,-80.0,923.0,2.0,1.0
0.1,0.92,-80.0,34.0,0.0,0.0
0.1,0.92,-80.0,41.0,0.0,0.0
0.1,0.92,-80.0,43.0,0.0,0.0
0.1,0.92,-80.0,35.0,0.0,0.0
0.1,0.92,-80.0,50.0,0.0,0.0
0.1,0.92,-80.0,41.0,0.0,0.0
0.1,0.92,-80.0,168.0,0.0,1.0
0.1,0.92,-80.0,75.0,0.0,0.0
0.1,0.92,-80.0,931.0,0.0,1.0
0.1,0.92,-80.0,166.0,0.0,1.0
0.1,0.92,-80.0,32.0,0.0,0.0
0.1,0.92,-80.0,32.0,0.0,0.0
0.1,0.92,-80.0,39.0,0.0,0.0
0.1,0.92,-80.0,781.0,0.0,1.0
0.1,0.92,-80.0,32.0,0.0,0.0
0.1,0.94,-80.0,26.0,0.0,0.0
0.1,0.94,-80.0,31.0,0.0,0.0
0.1,0.94,-80.0,28.0,0.0,0.0
0.1,0.94,-80.0,57.0,0.0,0.0
0.1,0.94,-80.0,78.0,1.0,0.0
0.1,0.94,-80.0,36.0,0.0,0.0
0.1,0.94,-80.0,905.0,0.0,1.0
0.1,0.94,-80.0,40.0,0.0,0.0
0.1,0.94,-80.0,39.0,0.0,0.0
0.1,0.94,-80.0,33.0,0.0,0.0
0.1,0.94,-80.0,50.0,0.0,0.0
0.1,0.94,-80.0,28.0,0.0,0.0
0.1,0.94,-80.0,42.0,0.0,0.0
0.1,0.94,-80.0,40.0,0.0,0.0
0.1,0.94,-80.0,31.0,0.0,0.0
0.1,0.94,-80.0,61.0,0.0,0.0
0.1,0.94,-80.0,31.0,0.0,0.0
0.1,0.94,-80.0,32.0,0.0,0.0
0.1,0.94,-80.0,45.0,0.0,0.0
0.1,0.94,-80.0,905.0,1.0,1.0
0.1,0.96,-80.0,33.0,0.0,0.0
0.1,0.96,-80.0,28.0,0.0,0.0
0.1,0.96,-80.0,934.0,0.0,1.0
0.1,0.96,-80.0,969.0,0.0,1.0
0.1,0.96,-80.0,30.0,0.0,0.0
0.1,0.96,-80.0,40.0,0.0,0.0
0.1,0.96,-80.0,33.0,0.0,0.0
0.1,0.96,-80.0,861.0,2.0,1.0
0.1,0.96,-80.0,890.0,8.0,1.0
0.1,0.96,-80.0,65.0,0.0,0.0
0.1,0.96,-80.0,34.0,0.0,0.0
0.1,0.96,-80.0,37.0,0.0,0.0
0.1,0.96,-80.0,39.0,0.0,0.0
0.1,0.96,-80.0,47.0,0.0,0.0
0.1,0.96,-80.0,39.0,0.0,0.0
0.1,0.96,-80.0,33.0,0.0,0.0
0.1,0.96,-80.0,844.0,2.0,1.0
0.1,0.96,-80.0,1060.0,1.0,1.0
0.1,0.96,-80.0,38.0,0.0,0.0
0.1,0.96,-80.0,971.0,5.0,1.0
0.1,0.98,-80.0,46.0,0.0,0.0
0.1,0.98,-80.0,32.0,0.0,0.0
0.1,0.98,-80.0,956.0,1.0,1.0
0.1,0.98,-80.0,31.0,0.0,0.0
0.1,0.98,-80.0,56.0,0.0,0.0
0.1,0.98,-80.0,24.0,0.0,0.0
0.1,0.98,-80.0,943.0,2.0,1.0
0.1,0.98,-80.0,959.0,2.0,1.0
0.1,0.98,-80.0,34.0,0.0,0.0
0.1,0.98,-80.0,37.0,0.0,0.0
0.1,0.98,-80.0,26.0,0.0,0.0
0.1,0.98,-80.0,35.0,0.0,0.0
0.1,0.98,-80.0,35.0,0.0,0.0
0.1,0.98,-80.0,57.0,0.0,0.0
0.1,0.98,-80.0,200.0,102.0,1.0
0.1,0.98,-80.0,888.0,2.0,1.0
0.1,0.98,-80.0,26.0,0.0,0.0
0.1,0.98,-80.0,40.0,0.0,0.0
0.1,0.98,-80.0,35.0,0.0,0.0
0.1,0.98,-80.0,34.0,0.0,0.0
0.1,1.0,-80.0,50.0,0.0,0.0
0.1,1.0,-80.0,40.0,0.0,0.0
0.1,1.0,-80.0,36.0,0.0,0.0
0.1,1.0,-80.0,964.0,4.0,1.0
0.1,1.0,-80.0,965.0,0.0,1.0
0.1,1.0,-80.0,238.0,92.0,1.0
0.1,1.0,-80.0,41.0,0.0,0.0
0.1,1.0,-80.0,29.0,0.0,0.0
0.1,1.0,-80.0,940.0,2.0,1.0
0.1,1.0,-80.0,41.0,0.0,0.0
0.1,1.0,-80.0,45.0,0.0,0.0
0.1,1.0,-80.0,909.0,3.0,1.0
0.1,1.0,-80.0,161.0,103.0,1.0
0.1,1.0,-80.0,40.0,0.0,0.0
0.1,1.0,-80.0,901.0,9.0,1.0
0.1,1.0,-80.0,33.0,0.0,0.0
0.1,1.0,-80.0,35.0,0.0,0.0
0.1,1.0,-80.0,43.0,0.0,0.0
0.1,1.0,-80.0,21.0,0.0,0.0
0.1,1.0,-80.0,32.0,0.0,0.0
0.1,1.02,-80.0,63.0,0.0,0.0
0.1,1.02,-80.0,49.0,0.0,0.0
0.1,1.02,-80.0,28.0,0.0,0.0
0.1,1.02,-80.0,56.0,0.0,0.0
0.1,1.02,-80.0,165.0,88.0,1.0
0.1,1.02,-80.0,202.0,106.0,1.0
0.1,1.02,-80.0,1043.0,1.0,1.0
0.1,1.02,-80.0,37.0,0.0,0.0
0.1,1.02,-80.0,32.0,0.0,0.0
0.1,1.02,-80.0,1065.0,9.0,1.0
0.1,1.02,-80.0,46.0,0.0,0.0
0.1,1.02,-80.0,1042.0,2.0,1.0
0.1,1.02,-80.0,43.0,0.0,0.0
0.1,1.02,-80.0,38.0,0.0,0.0
0.1,1.02,-80.0,153.0,114.0,1.0
0.1,1.02,-80.0,962.0,0.0,1.0
0.1,1.02,-80.0,1051.0,2.0,1.0
0.1,1.02,-80.0,50.0,0.0,0.0
0.1,1.02,-80.0,85.0,4.0,0.0
0.1,1.02,-80.0,36.0,0.0,0.0
0.1,1.04,-80.0,38.0,0.0,0.0
0.1,1.04,-80.0,47.0,0.0,0.0
0.1,1.04,-80.0,937.0,6.0,1.0
0.1,1.04,-80.0,32.0,0.0,0.0
0.1,1.04,-80.0,42.0,0.0,0.0
0.1,1.04,-80.0,1080.0,4.0,1.0
0.1,1.04,-80.0,1093.0,5.0,1.0
0.1,1.04,-80.0,29.0,0.0,0.0
0.1,1.04,-80.0,1110.0,6.0,1.0
0.1,1.04,-80.0,67.0,0.0,0.0
0.1,1.04,-80.0,1042.0,2.0,1.0
0.1,1.04,-80.0,55.0,0.0,0.0
0.1,1.04,-80.0,45.0,0.0,0.0
0.1,1.04,-80.0,1076.0,3.0,1.0
0.1,1.04,-80.0,41.0,0.0,0.0
0.1,1.04,-80.0,33.0,0.0,0.0
0.1,1.04,-80.0,30.0,0.0,0.0
0.1,1.04,-80.0,95.0,5.0,0.0
0.1,1.04,-80.0,35.0,0.0,0.0
0.1,1.04,-80.0,988.0,5.0,1.0
0.1,1.06,-80.0,82.0,1.0,0.0
0.1,1.06,-80.0,47.0,0.0,0.0
0.1,1.06,-80.0,26.0,0.0,0.0
0.1,1.06,-80.0,1150.0,0.0,1.0
0.1,1.06,-80.0,26.0,0.0,0.0
0.1,1.06,-80.0,1121.0,2.0,1.0
0.1,1.06,-80.0,30.0,0.0,0.0
0.1,1.06,-80.0,135.0,0.0,1.0
0.1,1.06,-80.0,147.0,131.0,1.0
0.1,1.06,-80.0,1070.0,0.0,1.0
0.1,1.06,-80.0,41.0,0.0,0.0
0.1,1.06,-80.0,175.0,134.0,1.0
0.1,1.06,-80.0,77.0,0.0,0.0
0.1,1.06,-80.0,26.0,0.0,0.0
0.1,1.06,-80.0,889.0,4.0,1.0
0.1,1.06,-80.0,37.0,0.0,0.0
0.1,1.06,-80.0,53.0,0.0,0.0
0.1,1.06,-80.0,1180.0,0.0,1.0
0.1,1.06,-80.0,1101.0,5.0,1.0
0.1,1.06,-80.0,42.0,0.0,0.0
0.1,1.08,-80.0,53.0,0.0,0.0
0.1,1.08,-80.0,33.0,0.0,0.0
0.1,1.08,-80.0,1007.0,0.0,1.0
0.1,1.08,-80.0,1018.0,7.0,1.0
0.1,1.08,-80.0,137.0,156.0,1.0
0.1,1.08,-80.0,1006.0,0.0,1.0
0.1,1.08,-80.0,1120.0,7.0,1.0
0.1,1.08,-80.0,32.0,0.0,0.0
0.1,1.08,-80.0,1089.0,1.0,1.0
0.1,1.08,-80.0,82.0,4.0,0.0
0.1,1.08,-80.0,1047.0,2.0,1.0
0.1,1.08,-80.0,44.0,0.0,0.0
0.1,1.08,-80.0,1020.0,12.0,1.0
0.1,1.08,-80.0,1084.0,11.0,1.0
0.1,1.08,-80.0,50.0,0.0,0.0
0.1,1.08,-80.0,1139.0,9.0,1.0
0.1,1.08,-80.0,48.0,0.0,0.0
0.1,1.08,-80.0,35.0,0.0,0.0
0.1,1.08,-80.0,38.0,0.0,0.0
0.1,1.08,-80.0,1086.0,2.0,1.0
0.1,1.1,-80.0,31.0,0.0,0.0
0.1,1.1,-80.0,30.0,0.0,0.0
0.1,1.1,-80.0,34.0,0.0,0.0
0.1,1.1,-80.0,197.0,126.0,1.0
0.1,1.1,-80.0,1119.0,1.0,1.0
0.1,1.1,-80.0,50.0,0.0,0.0
0.1,1.1,-80.0,1103.0,0.0,1.0
0.1,1.1,-80.0,32.0,0.0,0.0
0.1,1.1,-80.0,1104.0,2.0,1.0
0.1,1.1,-80.0,50.0,0.0,0.0
0.1,1.1,-80.0,52.0,0.0,0.0
0.1,1.1,-80.0,32.0,0.0,0.0
0.1,1.1,-80.0,30.0,0.0,0.0
0.1,1.1,-80.0,38.0,0.0,0.0
0.1,1.1,-80.0,1216.0,1.0,1.0
0.1,1.1,-80.0,1113.0,2.0,1.0
0.1,1.1,-80.0,56.0,4.0,0.0
0.1,1.1,-80.0,35.0,0.0,0.0
0.1,1.1,-80.0,41.0,0.0,0.0
0.1,1.1,-80.0,37.0,0.0,0.0
0.1,1.12,-80.0,38.0,0.0,0.0
0.1,1.12,-80.0,1001.0,2.0,1.0
0.1,1.12,-80.0,34.0,0.0,0.0
0.1,1.12,-80.0,34.0,0.0,0.0
0.1,1.12,-80.0,46.0,0.0,0.0
0.1,1.12,-80.0,1156.0,9.0,1.0
0.1,1.12,-80.0,1034.0,4.0,1.0
0.1,1.12,-80.0,1146.0,2.0,1.0
0.1,1.12,-80.0,167.0,133.0,1.0
0.1,1.12,-80.0,1261.0,1.0,1.0
0.1,1.12,-80.0,36.0,0.0,0.0
0.1,1.12,-80.0,25.0,0.0,0.0
0.1,1.12,-80.0,26.0,0.0,0.0
0.1,1.12,-80.0,1102.0,6.0,1.0
0.1,1.12,-80.0,31.0,0.0,0.0
0.1,1.12,-80.0,49.0,0.0,0.0
0.1,1.12,-80.0,26.0,0.0,0.0
0.1,1.12,-80.0,991.0,2.0,1.0
0.1,1.12,-80.0,24.0,0.0,0.0
0.1,1.12,-80.0,41.0,0.0,0.0
0.1,1.14,-80.0,25.0,0.0,0.0
0.1,1.14,-80.0,29.0,0.0,0.0
0.1,1.14,-80.0,146.0,0.0,1.0
0.1,1.14,-80.0,1284.0,8.0,1.0
0.1,1.14,-80.0,20.0,0.0,0.0
0.1,1.14,-80.0,31.0,0.0,0.0
0.1,1.14,-80.0,41.0,0.0,0.0
0.1,1.14,-80.0,1040.0,13.0,1.0
0.1,1.14,-80.0,1237.0,2.0,1.0
0.1,1.14,-80.0,37.0,0.0,0.0
0.1,1.14,-80.0,1206.0,7.0,1.0
0.1,1.14,-80.0,33.0,0.0,0.0
0.1,1.14,-80.0,1275.0,3.0,1.0
0.1,1.14,-80.0,49.0,0.0,0.0
0.1,1.14,-80.0,1243.0,3.0,1.0
0.1,1.14,-80.0,143.0,0.0,1.0
0.1,1.14,-80.0,178.0,140.0,1.0
0.1,1.14,-80.0,48.0,0.0,0.0
0.1,1.14,-80.0,21.0,0.0,0.0
0.1,1.14,-80.0,270.0,209.0,1.0
0.1,1.16,-80.0,161.0,149.0,1.0
0.1,1.16,-80.0,39.0,0.0,0.0
0.1,1.16,-80.0,1245.0,1.0,1.0
0.1,1.16,-80.0,1243.0,6.0,1.0
0.1,1.16,-80.0,1216.0,6.0,1.0
0.1,1.16,-80.0,1232.0,1.0,1.0
0.1,1.16,-80.0,286.0,147.0,1.0
0.1,1.16,-80.0,34.0,0.0,0.0
0.1,1.16,-80.0,51.0,0.0,0.0
0.1,1.16,-80.0,272.0,216.0,1.0
0.1,1.16,-80.0,1055.0,26.0,1.0
0.1,1.16,-80.0,31.0,0.0,0.0
0.1,1.16,-80.0,1164.0,2.0,1.0
0.1,1.16,-80.0,1151.0,5.0,1.0
0.1,1.16,-80.0,1181.0,2.0,1.0
0.1,1.16,-80.0,137.0,6.0,0.0
0.1,1.16,-80.0,35.0,0.0,0.0
0.1,1.16,-80.0,146.0,0.0,1.0
0.1,1.16,-80.0,34.0,0.0,0.0
0.1,1.16,-80.0,1235.0,2.0,1.0
0.1,1.18,-80.0,1237.0,6.0,1.0
0.1,1.18,-80.0,36.0,0.0,0.0
0.1,1.18,-80.0,30.0,0.0,0.0
0.1,1.18,-80.0,1249.0,1.0,1.0
0.1,1.18,-80.0,1224.0,1.0,1.0
0.1,1.18,-80.0,1233.0,1.0,1.0
0.1,1.18,-80.0,31.0,0.0,0.0
0.1,1.18,-80.0,39.0,0.0,0.0
0.1,1.18,-80.0,47.0,0.0,0.0
0.1,1.18,-80.0,1233.0,4.0,1.0
0.1,1.18,-80.0,1237.0,2.0,1.0
0.1,1.18,-80.0,1130.0,3.0,1.0
0.1,1.18,-80.0,1111.0,18.0,1.0
0.1,1.18,-80.0,27.0,0.0,0.0
0.1,1.18,-80.0,140.0,0.0,1.0
0.1,1.18,-80.0,160.0,0.0,1.0
0.1,1.18,-80.0,1219.0,4.0,1.0
0.1,1.18,-80.0,207.0,148.0,1.0
0.1,1.18,-80.0,227.0,154.0,1.0
0.1,1.18,-80.0,250.0,115.0,1.0
0.1,1.2,-80.0,37.0,0.0,0.0
0.1,1.2,-80.0,1234.0,2.0,1.0
0.1,1.2,-80.0,52.0,0.0,0.0
0.1,1.2,-80.0,1167.0,4.0,1.0
0.1,1.2,-80.0,45.0,0.0,0.0
0.1,1.2,-80.0,1177.0,4.0,1.0
0.1,1.2,-80.0,1265.0,9.0,1.0
0.1,1.2,-80.0,1236.0,4.0,1.0
0.1,1.2,-80.0,1204.0,6.0,1.0
0.1,1.2,-80.0,35.0,0.0,0.0
0.1,1.2,-80.0,1242.0,7.0,1.0
0.1,1.2,-80.0,278.0,142.0,1.0
0.1,1.2,-80.0,48.0,0.0,0.0
0.1,1.2,-80.0,54.0,0.0,0.0
0.1,1.2,-80.0,1231.0,5.0,1.0
0.1,1.2,-80.0,36.0,0.0,0.0
0.1,1.2,-80.0,1207.0,8.0,1.0
0.1,1.2,-80.0,1180.0,5.0,1.0
0.1,1.2,-80.0,34.0,0.0,0.0
0.1,1.2,-80.0,233.0,157.0,1.0
0.1,1.22,-80.0,34.0,0.0,0.0
0.1,1.22,-80.0,222.0,5.0,1.0
0.1,1.22,-80.0,40.0,0.0,0.0
0.1,1.22,-80.0,71.0,0.0,1.0
0.1,1.22,-80.0,1039.0,10.0,1.0
0.1,1.22,-80.0,1255.0,7.0,1.0
0.1,1.22,-80.0,33.0,0.0,0.0
0.1,1.22,-80.0,1066.0,9.0,1.0
0.1,1.22,-80.0,252.0,154.0,1.0
0.1,1.22,-80.0,1187.0,11.0,1.0
0.1,1.22,-80.0,33.0,0.0,0.0
0.1,1.22,-80.0,33.0,0.0,0.0
0.1,1.22,-80.0,25.0,0.0,0.0
0.1,1.22,-80.0,198.0,150.0,1.0
0.1,1.22,-80.0,35.0,0.0,0.0
0.1,1.22,-80.0,177.0,151.0,1.0
0.1,1.22,-80.0,144.0,0.0,1.0
0.1,1.22,-80.0,1266.0,3.0,1.0
0.1,1.22,-80.0,1258.0,5.0,1.0
0.1,1.22,-80.0,49.0,0.0,0.0
0.1,1.24,-80.0,132.0,0.0,1.0
0.1,1.24,-80.0,312.0,159.0,1.0
0.1,1.24,-80.0,243.0,167.0,1.0
0.1,1.24,-80.0,1245.0,5.0,1.0
0.1,1.24,-80.0,53.0,0.0,0.0
0.1,1.24,-80.0,1285.0,5.0,1.0
0.1,1.24,-80.0,44.0,0.0,0.0
0.1,1.24,-80.0,160.0,110.0,1.0
0.1,1.24,-80.0,155.0,156.0,1.0
0.1,1.24,-80.0,238.0,161.0,1.0
0.1,1.24,-80.0,59.0,0.0,1.0
0.1,1.24,-80.0,1267.0,4.0,1.0
0.1,1.24,-80.0,175.0,5.0,1.0
0.1,1.24,-80.0,1267.0,3.0,1.0
0.1,1.24,-80.0,63.0,0.0,1.0
0.1,1.24,-80.0,121.0,145.0,1.0
0.1,1.24,-80.0,1286.0,10.0,1.0
0.1,1.24,-80.0,215.0,172.0,1.0
0.1,1.24,-80.0,1287.0,9.0,1.0
0.1,1.24,-80.0,49.0,0.0,0.0
0.1,1.26,-80.0,290.0,129.0,1.0
0.1,1.26,-80.0,220.0,162.0,1.0
0.1,1.26,-80.0,38.0,0.0,0.0
0.1,1.26,-80.0,134.0,145.0,1.0
0.1,1.26,-80.0,1217.0,1.0,1.0
0.1,1.26,-80.0,40.0,0.0,0.0
0.1,1.26,-80.0,1301.0,2.0,1.0
0.1,1.26,-80.0,1313.0,8.0,1.0
0.1,1.26,-80.0,39.0,0.0,0.0
0.1,1.26,-80.0,1259.0,14.0,1.0
0.1,1.26,-80.0,73.0,0.0,1.0
0.1,1.26,-80.0,1120.0,8.0,1.0
0.1,1.26,-80.0,1260.0,10.0,1.0
0.1,1.26,-80.0,227.0,169.0,1.0
0.1,1.26,-80.0,1196.0,9.0,1.0
0.1,1.26,-80.0,93.0,0.0,1.0
0.1,1.26,-80.0,301.0,168.0,1.0
0.1,1.26,-80.0,1330.0,7.0,1.0
0.1,1.26,-80.0,27.0,0.0,0.0
0.1,1.26,-80.0,38.0,0.0,0.0
0.1,1.28,-80.0,196.0,165.0,1.0
0.1,1.28,-80.0,42.0,0.0,0.0
0.1,1.28,-80.0,1316.0,0.0,1.0
0.1,1.28,-80.0,44.0,0.0,0.0
0.1,1.28,-80.0,39.0,0.0,0.0
0.1,1.28,-80.0,491.0,174.0,1.0
0.1,1.28,-80.0,149.0,6.0,1.0
0.1,1.28,-80.0,1291.0,2.0,1.0
0.1,1.28,-80.0,1323.0,7.0,1.0
0.1,1.28,-80.0,58.0,1.0,0.0
0.1,1.28,-80.0,435.0,169.0,1.0
0.1,1.28,-80.0,1336.0,3.0,1.0
0.1,1.28,-80.0,223.0,316.0,1.0
0.1,1.28,-80.0,78.0,0.0,1.0
0.1,1.28,-80.0,179.0,159.0,1.0
0.1,1.28,-80.0,188.0,8.0,1.0
0.1,1.28,-80.0,1282.0,5.0,1.0
0.1,1.28,-80.0,50.0,0.0,0.0
0.1,1.28,-80.0,24.0,0.0,0.0
0.1,1.28,-80.0,32.0,0.0,0.0
0.1,1.3,-80.0,1313.0,6.0,1.0
0.1,1.3,-80.0,1315.0,2.0,1.0
0.1,1.3,-80.0,48.0,0.0,1.0
0.1,1.3,-80.0,1342.0,2.0,1.0
0.1,1.3,-80.0,1307.0,8.0,1.0
0.1,1.3,-80.0,176.0,128.0,1.0
0.1,1.3,-80.0,1339.0,16.0,1.0
0.1,1.3,-80.0,1188.0,19.0,1.0
0.1,1.3,-80.0,1281.0,6.0,1.0
0.1,1.3,-80.0,298.0,211.0,1.0
0.1,1.3,-80.0,1314.0,3.0,1.0
0.1,1.3,-80.0,26.0,0.0,0.0
0.1,1.3,-80.0,49.0,0.0,0.0
0.1,1.3,-80.0,1316.0,2.0,1.0
0.1,1.3,-80.0,1222.0,4.0,1.0
0.1,1.3,-80.0,29.0,0.0,0.0
0.1,1.3,-80.0,318.0,150.0,1.0
0.1,1.3,-80.0,143.0,194.0,1.0
0.1,1.3,-80.0,1313.0,0.0,1.0
0.1,1.3,-80.0,1255.0,8.0,1.0
0.1,1.32,-80.0,257.0,175.0,1.0
0.1,1.32,-80.0,37.0,0.0,0.0
0.1,1.32,-80.0,114.0,206.0,1.0
0.1,1.32,-80.0,25.0,0.0,0.0
0.1,1.32,-80.0,1364.0,9.0,1.0
0.1,1.32,-80.0,39.0,0.0,0.0
0.1,1.32,-80.0,40.0,0.0,0.0
0.1,1.32,-80.0,318.0,163.0,1.0
0.1,1.32,-80.0,632.0,16.0,1.0
0.1,1.32,-80.0,20.0,0.0,0.0
0.1,1.32,-80.0,25.0,0.0,0.0
0.1,1.32,-80.0,1205.0,17.0,1.0
0.1,1.32,-80.0,50.0,0.0,0.0
0.1,1.32,-80.0,27.0,0.0,0.0
0.1,1.32,-80.0,453.0,197.0,1.0
0.1,1.32,-80.0,305.0,165.0,1.0
0.1,1.32,-80.0,713.0,16.0,1.0
0.1,1.32,-80.0,1316.0,4.0,1.0
0.1,1.32,-80.0,37.0,0.0,0.0
0.1,1.32,-80.0,261.0,179.0,1.0
0.1,1.34,-80.0,1387.0,15.0,1.0
0.1,1.34,-80.0,233.0,173.0,1.0
0.1,1.34,-80.0,424.0,199.0,1.0
0.1,1.34,-80.0,165.0,190.0,1.0
0.1,1.34,-80.0,1346.0,15.0,1.0
0.1,1.34,-80.0,1333.0,22.0,1.0
0.1,1.34,-80.0,149.0,190.0,1.0
0.1,1.34,-80.0,1349.0,11.0,1.0
0.1,1.34,-80.0,1320.0,15.0,1.0
0.1,1.34,-80.0,290.0,198.0,1.0
0.1,1.34,-80.0,34.0,0.0,0.0
0.1,1.34,-80.0,265.0,155.0,1.0
0.1,1.34,-80.0,1343.0,10.0,1.0
0.1,1.34,-80.0,247.0,174.0,1.0
0.1,1.34,-80.0,291.0,170.0,1.0
0.1,1.34,-80.0,285.0,166.0,1.0
0.1,1.34,-80.0,245.0,192.0,1.0
0.1,1.34,-80.0,256.0,217.0,1.0
0.1,1.34,-80.0,1358.0,12.0,1.0
0.1,1.34,-80.0,1306.0,6.0,1.0
0.1,1.36,-80.0,312.0,196.0,1.0
0.1,1.36,-80.0,44.0,0.0,0.0
0.1,1.36,-80.0,41.0,0.0,0.0
0.1,1.36,-80.0,387.0,211.0,1.0
0.1,1.36,-80.0,82.0,0.0,1.0
0.1,1.36,-80.0,352.0,235.0,1.0
0.1,1.36,-80.0,1399.0,11.0,1.0
0.1,1.36,-80.0,483.0,206.0,1.0
0.1,1.36,-80.0,70.0,0.0,0.0
0.1,1.36,-80.0,173.0,243.0,1.0
0.1,1.36,-80.0,50.0,0.0,0.0
0.1,1.36,-80.0,908.0,27.0,1.0
0.1,1.36,-80.0,1256.0,9.0,1.0
0.1,1.36,-80.0,293.0,208.0,1.0
0.1,1.36,-80.0,304.0,214.0,1.0
0.1,1.36,-80.0,104.0,0.0,1.0
0.1,1.36,-80.0,241.0,166.0,1.0
0.1,1.36,-80.0,270.0,178.0,1.0
0.1,1.36,-80.0,494.0,214.0,1.0
0.1,1.36,-80.0,1313.0,18.0,1.0
0.1,1.38,-80.0,31.0,0.0,0.0
0.1,1.38,-80.0,1365.0,11.0,1.0
0.1,1.38,-80.0,1278.0,12.0,1.0
0.1,1.38,-80.0,276.0,204.0,1.0
0.1,1.38,-80.0,33.0,0.0,0.0
0.1,1.38,-80.0,1368.0,12.0,1.0
0.1,1.38,-80.0,1316.0,8.0,1.0
0.1,1.38,-80.0,361.0,241.0,1.0
0.1,1.38,-80.0,229.0,231.0,1.0
0.1,1.38,-80.0,1338.0,10.0,1.0
0.1,1.38,-80.0,45.0,0.0,0.0
0.1,1.38,-80.0,50.0,0.0,1.0
0.1,1.38,-80.0,355.0,169.0,1.0
0.1,1.38,-80.0,36.0,0.0,0.0
0.1,1.38,-80.0,276.0,175.0,1.0
0.1,1.38,-80.0,40.0,0.0,0.0
0.1,1.38,-80.0,1371.0,12.0,1.0
0.1,1.38,-80.0,179.0,259.0,1.0
0.1,1.38,-80.0,21.0,0.0,0.0
0.1,1.38,-80.0,35.0,0.0,0.0
0.1,1.4,-80.0,1237.0,23.0,1.0
0.1,1.4,-80.0,548.0,206.0,1.0
0.1,1.4,-80.0,1397.0,6.0,1.0
0.1,1.4,-80.0,290.0,228.0,1.0
0.1,1.4,-80.0,583.0,199.0,1.0
0.1,1.4,-80.0,45.0,0.0,0.0
0.1,1.4,-80.0,42.0,0.0,0.0
0.1,1.4,-80.0,1386.0,12.0,1.0
0.1,1.4,-80.0,469.0,282.0,1.0
0.1,1.4,-80.0,1393.0,27.0,1.0
0.1,1.4,-80.0,71.0,0.0,1.0
0.1,1.4,-80.0,344.0,238.0,1.0
0.1,1.4,-80.0,440.0,177.0,1.0
0.1,1.4,-80.0,609.0,238.0,1.0
0.1,1.4,-80.0,33.0,0.0,0.0
0.1,1.4,-80.0,66.0,0.0,1.0
0.1,1.4,-80.0,314.0,198.0,1.0
0.1,1.4,-80.0,1358.0,6.0,1.0
0.1,1.4,-80.0,1385.0,7.0,1.0
0.1,1.4,-80.0,430.0,180.0,1.0
0.1,1.42,-80.0,1397.0,15.0,1.0
0.1,1.42,-80.0,612.0,214.0,1.0
0.1,1.42,-80.0,454.0,190.0,1.0
0.1,1.42,-80.0,1320.0,9.0,1.0
0.1,1.42,-80.0,548.0,177.0,1.0
0.1,1.42,-80.0,1353.0,14.0,1.0
0.1,1.42,-80.0,420.0,214.0,1.0
0.1,1.42,-80.0,373.0,246.0,1.0
0.1,1.42,-80.0,1381.0,15.0,1.0
0.1,1.42,-80.0,527.0,247.0,1.0
0.1,1.42,-80.0,411.0,296.0,1.0
0.1,1.42,-80.0,318.0,165.0,1.0
0.1,1.42,-80.0,331.0,181.0,1.0
0.1,1.42,-80.0,1409.0,7.0,1.0
0.1,1.42,-80.0,656.0,173.0,1.0
0.1,1.42,-80.0,517.0,206.0,1.0
0.1,1.42,-80.0,1417.0,16.0,1.0
0.1,1.42,-80.0,1386.0,8.0,1.0
0.1,1.42,-80.0,174.0,187.0,1.0
0.1,1.42,-80.0,628.0,227.0,1.0
0.1,1.44,-80.0,1390.0,14.0,1.0
0.1,1.44,-80.0,1425.0,11.0,1.0
0.1,1.44,-80.0,446.0,227.0,1.0
0.1,1.44,-80.0,535.0,229.0,1.0
0.1,1.44,-80.0,1311.0,9.0,1.0
0.1,1.44,-80.0,1469.0,7.0,1.0
0.1,1.44,-80.0,1426.0,4.0,1.0
0.1,1.44,-80.0,1375.0,13.0,1.0
0.1,1.44,-80.0,600.0,207.0,1.0
0.1,1.44,-80.0,467.0,231.0,1.0
0.1,1.44,-80.0,1399.0,4.0,1.0
0.1,1.44,-80.0,1346.0,39.0,1.0
0.1,1.44,-80.0,623.0,229.0,1.0
0.1,1.44,-80.0,1428.0,16.0,1.0
0.1,1.44,-80.0,626.0,233.0,1.0
0.1,1.44,-80.0,1407.0,4.0,1.0
0.1,1.44,-80.0,232.0,141.0,1.0
0.1,1.44,-80.0,281.0,181.0,1.0
0.1,1.44,-80.0,254.0,179.0,1.0
0.1,1.44,-80.0,1425.0,17.0,1.0
0.1,1.46,-80.0,318.0,323.0,1.0
0.1,1.46,-80.0,720.0,156.0,1.0
0.1,1.46,-80.0,312.0,171.0,1.0
0.1,1.46,-80.0,31.0,0.0,0.0
0.1,1.46,-80.0,446.0,229.0,1.0
0.1,1.46,-80.0,1409.0,5.0,1.0
0.1,1.46,-80.0,277.0,170.0,1.0
0.1,1.46,-80.0,674.0,227.0,1.0
0.1,1.46,-80.0,545.0,242.0,1.0
0.1,1.46,-80.0,181.0,183.0,1.0
0.1,1.46,-80.0,433.0,172.0,1.0
0.1,1.46,-80.0,30.0,0.0,0.0
0.1,1.46,-80.0,1400.0,39.0,1.0
0.1,1.46,-80.0,36.0,0.0,0.0
0.1,1.46,-80.0,220.0,201.0,1.0
0.1,1.46,-80.0,591.0,180.0,1.0
0.1,1.46,-80.0,1226.0,36.0,1.0
0.1,1.46,-80.0,475.0,227.0,1.0
0.1,1.46,-80.0,500.0,302.0,1.0
0.1,1.46,-80.0,57.0,0.0,0.0
0.1,1.48,-80.0,542.0,189.0,1.0
0.1,1.48,-80.0,626.0,221.0,1.0
0.1,1.48,-80.0,36.0,0.0,0.0
0.1,1.48,-80.0,50.0,0.0,1.0
0.1,1.48,-80.0,598.0,201.0,1.0
0.1,1.48,-80.0,567.0,184.0,1.0
0.1,1.48,-80.0,389.0,275.0,1.0
0.1,1.48,-80.0,295.0,166.0,1.0
0.1,1.48,-80.0,529.0,237.0,1.0
0.1,1.48,-80.0,491.0,253.0,1.0
0.1,1.48,-80.0,497.0,199.0,1.0
0.1,1.48,-80.0,281.0,185.0,1.0
0.1,1.48,-80.0,24.0,0.0,0.0
0.1,1.48,-80.0,359.0,193.0,1.0
0.1,1.48,-80.0,36.0,0.0,0.0
0.1,1.48,-80.0,426.0,263.0,1.0
0.1,1.48,-80.0,558.0,227.0,1.0
0.1,1.48,-80.0,749.0,165.0,1.0
0.1,1.48,-80.0,1278.0,17.0,1.0
0.1,1.48,-80.0,362.0,313.0,1.0
0.1,1.5,-80.0,1418.0,7.0,1.0
0.1,1.5,-80.0,281.0,178.0,1.0
0.1,1.5,-80.0,705.0,148.0,1.0
0.1,1.5,-80.0,560.0,183.0,1.0
0.1,1.5,-80.0,697.0,200.0,1.0
0.1,1.5,-80.0,532.0,244.0,1.0
0.1,1.5,-80.0,556.0,224.0,1.0
0.1,1.5,-80.0,628.0,235.0,1.0
0.1,1.5,-80.0,629.0,254.0,1.0
0.1,1.5,-80.0,314.0,229.0,1.0
0.1,1.5,-80.0,527.0,224.0,1.0
0.1,1.5,-80.0,490.0,263.0,1.0
0.1,1.5,-80.0,518.0,236.0,1.0
0.1,1.5,-80.0,270.0,223.0,1.0
0.1,1.5,-80.0,30.0,0.0,0.0
0.1,1.5,-80.0,359.0,249.0,1.0
0.1,1.5,-80.0,1332.0,52.0,1.0
0.1,1.5,-80.0,542.0,254.0,1.0
0.1,1.5,-80.0,308.0,324.0,1.0
0.1,1.5,-80.0,771.0,166.0,1.0
0.1,1.52,-80.0,602.0,211.0,1.0
0.1,1.52,-80.0,1446.0,10.0,1.0
0.1,1.52,-80.0,170.0,185.0,1.0
0.1,1.52,-80.0,596.0,242.0,1.0
0.1,1.52,-80.0,606.0,249.0,1.0
0.1,1.52,-80.0,1396.0,27.0,1.0
0.1,1.52,-80.0,194.0,174.0,1.0
0.1,1.52,-80.0,1400.0,8.0,1.0
0.1,1.52,-80.0,660.0,224.0,1.0
0.1,1.52,-80.0,90.0,0.0,1.0
0.1,1.52,-80.0,539.0,232.0,1.0
0.1,1.52,-80.0,566.0,276.0,1.0
0.1,1.52,-80.0,1446.0,7.0,1.0
0.1,1.52,-80.0,50.0,0.0,0.0
0.1,1.52,-80.0,1367.0,13.0,1.0
0.1,1.52,-80.0,570.0,194.0,1.0
0.1,1.52,-80.0,41.0,0.0,0.0
0.1,1.52,-80.0,42.0,0.0,0.0
0.1,1.52,-80.0,608.0,236.0,1.0
0.1,1.52,-80.0,660.0,194.0,1.0
0.1,1.54,-80.0,35.0,0.0,0.0
0.1,1.54,-80.0,60.0,0.0,1.0
0.1,1.54,-80.0,1460.0,11.0,1.0
0.1,1.54,-80.0,1467.0,7.0,1.0
0.1,1.54,-80.0,440.0,332.0,1.0
0.1,1.54,-80.0,400.0,324.0,1.0
0.1,1.54,-80.0,503.0,239.0,1.0
0.1,1.54,-80.0,693.0,230.0,1.0
0.1,1.54,-80.0,1418.0,7.0,1.0
0.1,1.54,-80.0,36.0,0.0,0.0
0.1,1.54,-80.0,1459.0,9.0,1.0
0.1,1.54,-80.0,566.0,255.0,1.0
0.1,1.54,-80.0,1443.0,9.0,1.0
0.1,1.54,-80.0,1469.0,5.0,1.0
0.1,1.54,-80.0,639.0,227.0,1.0
0.1,1.54,-80.0,1442.0,12.0,1.0
0.1,1.54,-80.0,1465.0,9.0,1.0
0.1,1.54,-80.0,364.0,220.0,1.0
0.1,1.54,-80.0,544.0,269.0,1.0
0.1,1.54,-80.0,1454.0,6.0,1.0
0.1,1.56,-80.0,693.0,282.0,1.0
0.1,1.56,-80.0,37.0,0.0,0.0
0.1,1.56,-80.0,405.0,247.0,1.0
0.1,1.56,-80.0,1447.0,16.0,1.0
0.1,1.56,-80.0,378.0,217.0,1.0
0.1,1.56,-80.0,309.0,191.0,1.0
0.1,1.56,-80.0,41.0,0.0,0.0
0.1,1.56,-80.0,488.0,267.0,1.0
0.1,1.56,-80.0,854.0,231.0,1.0
0.1,1.56,-80.0,1445.0,15.0,1.0
0.1,1.56,-80.0,754.0,253.0,1.0
0.1,1.56,-80.0,1442.0,8.0,1.0
0.1,1.56,-80.0,488.0,290.0,1.0
0.1,1.56,-80.0,602.0,241.0,1.0
0.1,1.56,-80.0,259.0,196.0,1.0
0.1,1.56,-80.0,39.0,0.0,0.0
0.1,1.56,-80.0,466.0,231.0,1.0
0.1,1.56,-80.0,382.0,217.0,1.0
0.1,1.56,-80.0,597.0,337.0,1.0
0.1,1.56,-80.0,587.0,214.0,1.0
0.1,1.58,-80.0,67.0,0.0,1.0
0.1,1.58,-80.0,517.0,253.0,1.0
0.1,1.58,-80.0,477.0,252.0,1.0
0.1,1.58,-80.0,646.0,256.0,1.0
0.1,1.58,-80.0,501.0,246.0,1.0
0.1,1.58,-80.0,1455.0,17.0,1.0
0.1,1.58,-80.0,1556.0,8.0,1.0
0.1,1.58,-80.0,678.0,251.0,1.0
0.1,1.58,-80.0,529.0,284.0,1.0
0.1,1.58,-80.0,588.0,262.0,1.0
0.1,1.58,-80.0,349.0,186.0,1.0
0.1,1.58,-80.0,827.0,207.0,1.0
0.1,1.58,-80.0,653.0,251.0,1.0
0.1,1.58,-80.0,496.0,201.0,1.0
0.1,1.58,-80.0,1497.0,55.0,1.0
0.1,1.58,-80.0,45.0,0.0,1.0
0.1,1.58,-80.0,740.0,288.0,1.0
0.1,1.58,-80.0,628.0,199.0,1.0
0.1,1.58,-80.0,619.0,188.0,1.0
0.1,1.58,-80.0,284.0,181.0,1.0
0.1,1.6,-80.0,644.0,217.0,1.0
0.1,1.6,-80.0,498.0,245.0,1.0
0.1,1.6,-80.0,1495.0,12.0,1.0
0.1,1.6,-80.0,481.0,222.0,1.0
0.1,1.6,-80.0,780.0,336.0,1.0
0.1,1.6,-80.0,556.0,234.0,1.0
0.1,1.6,-80.0,674.0,263.0,1.0
0.1,1.6,-80.0,724.0,201.0,1.0
0.1,1.6,-80.0,1557.0,18.0,1.0
0.1,1.6,-80.0,833.0,215.0,1.0
0.1,1.6,-80.0,558.0,241.0,1.0
0.1,1.6,-80.0,564.0,296.0,1.0
0.1,1.6,-80.0,1461.0,21.0,1.0
0.1,1.6,-80.0,551.0,267.0,1.0
0.1,1.6,-80.0,1470.0,8.0,1.0
0.1,1.6,-80.0,916.0,230.0,1.0
0.1,1.6,-80.0,578.0,271.0,1.0
0.1,1.6,-80.0,1441.0,17.0,1.0
0.1,1.6,-80.0,1516.0,20.0,1.0
0.1,1.6,-80.0,484.0,193.0,1.0
0.1,1.7,-80.0,1572.0,24.0,1.0
0.1,1.7,-80.0,835.0,269.0,1.0
0.1,1.7,-80.0,1477.0,16.0,1.0
0.1,1.7,-80.0,570.0,290.0,1.0
0.1,1.7,-80.0,1609.0,22.0,1.0
0.1,1.7,-80.0,814.0,321.0,1.0
0.1,1.7,-80.0,149.0,0.0,1.0
0.1,1.7,-80.0,24.0,0.0,0.0
0.1,1.7,-80.0,693.0,287.0,1.0
0.1,1.7,-80.0,605.0,404.0,1.0
0.1,1.7,-80.0,639.0,371.0,1.0
0.1,1.7,-80.0,503.0,248.0,1.0
0.1,1.7,-80.0,1527.0,30.0,1.0
0.1,1.7,-80.0,604.0,303.0,1.0
0.1,1.7,-80.0,1006.0,200.0,1.0
0.1,1.7,-80.0,542.0,280.0,1.0
0.1,1.7,-80.0,1472.0,23.0,1.0
0.1,1.7,-80.0,720.0,272.0,1.0
0.1,1.7,-80.0,963.0,300.0,1.0
0.1,1.7,-80.0,694.0,264.0,1.0
0.1,1.8,-80.0,762.0,325.0,1.0
0.1,1.8,-80.0,802.0,410.0,1.0
0.1,1.8,-80.0,825.0,369.0,1.0
0.1,1.8,-80.0,853.0,342.0,1.0
0.1,1.8,-80.0,684.0,336.0,1.0
0.1,1.8,-80.0,864.0,334.0,1.0
0.1,1.8,-80.0,1075.0,228.0,1.0
0.1,1.8,-80.0,764.0,284.0,1.0
0.1,1.8,-80.0,871.0,406.0,1.0
0.1,1.8,-80.0,754.0,350.0,1.0
0.1,1.8,-80.0,770.0,299.0,1.0
0.1,1.8,-80.0,819.0,388.0,1.0
0.1,1.8,-80.0,987.0,279.0,1.0
0.1,1.8,-80.0,995.0,286.0,1.0
0.1,1.8,-80.0,685.0,357.0,1.0
0.1,1.8,-80.0,768.0,338.0,1.0
0.1,1.8,-80.0,145.0,0.0,1.0
0.1,1.8,-80.0,149.0,0.0,1.0
0.1,1.8,-80.0,839.0,364.0,1.0
0.1,1.8,-80.0,748.0,353.0,1.0
0.1,1.9,-80.0,856.0,362.0,1.0
0.1,1.9,-80.0,843.0,396.0,1.0
0.1,1.9,-80.0,909.0,407.0,1.0
0.1,1.9,-80.0,1743.0,55.0,1.0
0.1,1.9,-80.0,820.0,336.0,1.0
0.1,1.9,-80.0,1120.0,211.0,1.0
0.1,1.9,-80.0,882.0,371.0,1.0
0.1,1.9,-80.0,930.0,350.0,1.0
0.1,1.9,-80.0,798.0,401.0,1.0
0.1,1.9,-80.0,814.0,422.0,1.0
0.1,1.9,-80.0,929.0,334.0,1.0
0.1,1.9,-80.0,790.0,352.0,1.0
0.1,1.9,-80.0,869.0,361.0,1.0
0.1,1.9,-80.0,686.0,318.0,1.0
0.1,1.9,-80.0,841.0,376.0,1.0
0.1,1.9,-80.0,953.0,444.0,1.0
0.1,1.9,-80.0,1032.0,292.0,1.0
0.1,1.9,-80.0,727.0,366.0,1.0
0.1,1.9,-80.0,878.0,375.0,1.0
0.1,1.9,-80.0,864.0,364.0,1.0
0.1,2.0,-80.0,825.0,450.0,1.0
0.1,2.0,-80.0,910.0,560.0,1.0
0.1,2.0,-80.0,928.0,434.0,1.0
0.1,2.0,-80.0,915.0,486.0,1.0
0.1,2.0,-80.0,1729.0,34.0,1.0
0.1,2.0,-80.0,968.0,330.0,1.0
0.1,2.0,-80.0,1062.0,257.0,1.0
0.1,2.0,-80.0,1195.0,276.0,1.0
0.1,2.0,-80.0,849.0,474.0,1.0
0.1,2.0,-80.0,869.0,434.0,1.0
0.1,2.0,-80.0,922.0,371.0,1.0
0.1,2.0,-80.0,956.0,369.0,1.0
0.1,2.0,-80.0,1125.0,395.0,1.0
0.1,2.0,-80.0,38.0,0.0,0.0
0.1,2.0,-80.0,932.0,242.0,1.0
0.1,2.0,-80.0,839.0,412.0,1.0
0.1,2.0,-80.0,899.0,324.0,1.0
0.1,2.0,-80.0,777.0,317.0,1.0
0.1,2.0,-80.0,1789.0,46.0,1.0
0.1,2.0,-80.0,903.0,414.0,1.0
0.1,2.1,-80.0,926.0,497.0,1.0
0.1,2.1,-80.0,1075.0,478.0,1.0
0.1,2.1,-80.0,957.0,414.0,1.0
0.1,2.1,-80.0,908.0,481.0,1.0
0.1,2.1,-80.0,1034.0,454.0,1.0
0.1,2.1,-80.0,910.0,514.0,1.0
0.1,2.1,-80.0,1087.0,528.0,1.0
0.1,2.1,-80.0,1209.0,229.0,1.0
0.1,2.1,-80.0,1056.0,455.0,1.0
0.1,2.1,-80.0,896.0,437.0,1.0
0.1,2.1,-80.0,1033.0,396.0,1.0
0.1,2.1,-80.0,1046.0,459.0,1.0
0.1,2.1,-80.0,1025.0,456.0,1.0
0.1,2.1,-80.0,1109.0,410.0,1.0
0.1,2.1,-80.0,891.0,575.0,1.0
0.1,2.1,-80.0,819.0,405.0,1.0
0.1,2.1,-80.0,857.0,445.0,1.0
0.1,2.1,-80.0,1064.0,333.0,1.0
0.1,2.1,-80.0,952.0,419.0,1.0
0.1,2.1,-80.0,910.0,549.0,1.0
0.1,2.2,-80.0,906.0,619.0,1.0
0.1,2.2,-80.0,1058.0,414.0,1.0
0.1,2.2,-80.0,951.0,548.0,1.0
0.1,2.2,-80.0,1027.0,451.0,1.0
0.1,2.2,-80.0,1140.0,371.0,1.0
0.1,2.2,-80.0,1007.0,419.0,1.0
0.1,2.2,-80.0,953.0,543.0,1.0
0.1,2.2,-80.0,1128.0,439.0,1.0
0.1,2.2,-80.0,936.0,543.0,1.0
0.1,2.2,-80.0,953.0,606.0,1.0
0.1,2.2,-80.0,1048.0,431.0,1.0
0.1,2.2,-80.0,1234.0,324.0,1.0
0.1,2.2,-80.0,960.0,562.0,1.0
0.1,2.2,-80.0,1072.0,416.0,1.0
0.1,2.2,-80.0,930.0,574.0,1.0
0.1,2.2,-80.0,1219.0,436.0,1.0
0.1,2.2,-80.0,1220.0,483.0,1.0
0.1,2.2,-80.0,908.0,572.0,1.0
0.1,2.2,-80.0,878.0,687.0,1.0
0.1,2.2,-80.0,975.0,558.0,1.0
0.1,2.3,-80.0,1164.0,404.0,1.0
0.1,2.3,-80.0,1116.0,553.0,1.0
0.1,2.3,-80.0,878.0,611.0,1.0
0.1,2.3,-80.0,995.0,423.0,1.0
0.1,2.3,-80.0,868.0,670.0,1.0
0.1,2.3,-80.0,983.0,668.0,1.0
0.1,2.3,-80.0,1017.0,535.0,1.0
0.1,2.3,-80.0,1992.0,87.0,1.0
0.1,2.3,-80.0,1191.0,445.0,1.0
0.1,2.3,-80.0,1031.0,469.0,1.0
0.1,2.3,-80.0,1222.0,483.0,1.0
0.1,2.3,-80.0,1332.0,383.0,1.0
0.1,2.3,-80.0,1010.0,463.0,1.0
0.1,2.3,-80.0,996.0,493.0,1.0
0.1,2.3,-80.0,958.0,590.0,1.0
0.1,2.3,-80.0,1077.0,504.0,1.0
0.1,2.3,-80.0,922.0,680.0,1.0
0.1,2.3,-80.0,920.0,648.0,1.0
0.1,2.3,-80.0,981.0,611.0,1.0
0.1,2.3,-80.0,775.0,561.0,1.0
0.1,2.4,-80.0,1144.0,653.0,1.0
0.1,2.4,-80.0,965.0,646.0,1.0
0.1,2.4,-80.0,1139.0,612.0,1.0
0.1,2.4,-80.0,1080.0,668.0,1.0
0.1,2.4,-80.0,916.0,695.0,1.0
0.1,2.4,-80.0,1091.0,564.0,1.0
0.1,2.4,-80.0,1199.0,563.0,1.0
0.1,2.4,-80.0,1089.0,517.0,1.0
0.1,2.4,-80.0,1179.0,627.0,1.0
0.1,2.4,-80.0,1078.0,785.0,1.0
0.1,2.4,-80.0,1218.0,552.0,1.0
0.1,2.4,-80.0,1271.0,614.0,1.0
0.1,2.4,-80.0,1106.0,653.0,1.0
0.1,2.4,-80.0,1057.0,630.0,1.0
0.1,2.4,-80.0,1049.0,458.0,1.0
0.1,2.4,-80.0,1037.0,541.0,1.0
0.1,2.4,-80.0,1065.0,766.0,1.0
0.1,2.4,-80.0,995.0,676.0,1.0
0.1,2.4,-80.0,1126.0,700.0,1.0
0.1,2.4,-80.0,1078.0,659.0,1.0
0.1,2.5,-80.0,1124.0,751.0,1.0
0.1,2.5,-80.0,1231.0,623.0,1.0
0.1,2.5,-80.0,1088.0,848.0,1.0
0.1,2.5,-80.0,1148.0,666.0,1.0
0.1,2.5,-80.0,1021.0,969.0,1.0
0.1,2.5,-80.0,1095.0,656.0,1.0
0.1,2.5,-80.0,1261.0,674.0,1.0
0.1,2.5,-80.0,1038.0,678.0,1.0
0.1,2.5,-80.0,1201.0,650.0,1.0
0.1,2.5,-80.0,1171.0,726.0,1.0
0.1,2.5,-80.0,1062.0,805.0,1.0
0.1,2.5,-80.0,1345.0,483.0,1.0
0.1,2.5,-80.0,1295.0,619.0,1.0
0.1,2.5,-80.0,1109.0,850.0,1.0
0.1,2.5,-80.0,1775.0,386.0,1.0
0.1,2.5,-80.0,1142.0,578.0,1.0
0.1,2.5,-80.0,1038.0,706.0,1.0
0.1,2.5,-80.0,1082.0,675.0,1.0
0.1,2.5,-80.0,1009.0,777.0,1.0
0.1,2.5,-80.0,1083.0,626.0,1.0
0.1,2.6,-80.0,1210.0,642.0,1.0
0.1,2.6,-80.0,1328.0,555.0,1.0
0.1,2.6,-80.0,1104.0,789.0,1.0
0.1,2.6,-80.0,1168.0,706.0,1.0
0.1,2.6,-80.0,1218.0,737.0,1.0
0.1,2.6,-80.0,1118.0,682.0,1.0
0.1,2.6,-80.0,1121.0,834.0,1.0
0.1,2.6,-80.0,1124.0,690.0,1.0
0.1,2.6,-80.0,1249.0,714.0,1.0
0.1,2.6,-80.0,1085.0,701.0,1.0
0.1,2.6,-80.0,1084.0,849.0,1.0
0.1,2.6,-80.0,1242.0,607.0,1.0
0.1,2.6,-80.0,1286.0,679.0,1.0
0.1,2.6,-80.0,1149.0,725.0,1.0
0.1,2.6,-80.0,1171.0,764.0,1.0
0.1,2.6,-80.0,1167.0,783.0,1.0
0.1,2.6,-80.0,1253.0,614.0,1.0
0.1,2.6,-80.0,1312.0,651.0,1.0
0.1,2.6,-80.0,1069.0,721.0,1.0
0.1,2.6,-80.0,1190.0,755.0,1.0
0.15,0.1,-80.0,45.0,0.0,0.0
0.15,0.1,-80.0,54.0,0.0,0.0
0.15,0.1,-80.0,45.0,0.0,0.0
0.15,0.1,-80.0,50.0,0.0,0.0
0.15,0.1,-80.0,46.0,0.0,0.0
0.15,0.1,-80.0,41.0,0.0,0.0
0.15,0.1,-80.0,42.0,0.0,0.0
0.15,0.1,-80.0,51.0,0.0,0.0
0.15,0.1,-80.0,34.0,0.0,0.0
0.15,0.1,-80.0,46.0,0.0,0.0
0.15,0.1,-80.0,43.0,0.0,0.0
0.15,0.1,-80.0,53.0,0.0,0.0
0.15,0.1,-80.0,50.0,0.0,0.0
0.15,0.1,-80.0,60.0,0.0,0.0
0.15,0.1,-80.0,39.0,0.0,0.0
0.15,0.1,-80.0,39.0,0.0,0.0
0.15,0.1,-80.0,46.0,0.0,0.0
0.15,0.1,-80.0,42.0,0.0,0.0
0.15,0.1,-80.0,37.0,0.0,0.0
0.15,0.1,-80.0,51.0,0.0,0.0
0.15,0.15,-80.0,36.0,0.0,0.0
0.15,0.15,-80.0,40.0,0.0,0.0
0.15,0.15,-80.0,35.0,0.0,0.0
0.15,0.15,-80.0,37.0,0.0,0.0
0.15,0.15,-80.0,41.0,0.0,0.0
0.15,0.15,-80.0,45.0,0.0,0.0
0.15,0.15,-80.0,45.0,0.0,0.0
0.15,0.15,-80.0,41.0,0.0,0.0
0.15,0.15,-80.0,46.0,0.0,0.0
0.15,0.15,-80.0,47.0,0.0,0.0
0.15,0.15,-80.0,45.0,0.0,0.0
0.15,0.15,-80.0,51.0,0.0,0.0
0.15,0.15,-80.0,40.0,0.0,0.0
0.15,0.15,-80.0,38.0,0.0,0.0
0.15,0.15,-80.0,42.0,0.0,0.0
0.15,0.15,-80.0,50.0,0.0,0.0
0.15,0.15,-80.0,45.0,0.0,0.0
0.15,0.15,-80.0,38.0,0.0,0.0
0.15,0.15,-80.0,52.0,0.0,0.0
0.15,0.15,-80.0,38.0,0.0,0.0
0.15,0.2,-80.0,51.0,0.0,0.0
0.15,0.2,-80.0,40.0,0.0,0.0
0.15,0.2,-80.0,48.0,0.0,0.0
0.15,0.2,-80.0,49.0,0.0,0.0
0.15,0.2,-80.0,44.0,0.0,0.0
0.15,0.2,-80.0,52.0,0.0,0.0
0.15,0.2,-80.0,31.0,0.0,0.0
0.15,0.2,-80.0,44.0,0.0,0.0
0.15,0.2,-80.0,45.0,0.0,0.0
0.15,0.2,-80.0,53.0,0.0,0.0
0.15,0.2,-80.0,48.0,0.0,0.0
0.15,0.2,-80.0,37.0,0.0,0.0
0.15,0.2,-80.0,51.0,0.0,0.0
0.15,0.2,-80.0,49.0,0.0,0.0
0.15,0.2,-80.0,49.0,0.0,0.0
0.15,0.2,-80.0,46.0,0.0,0.0
0.15,0.2,-80.0,41.0,0.0,0.0
0.15,0.2,-80.0,50.0,0.0,0.0
0.15,0.2,-80.0,37.0,0.0,0.0
0.15,0.2,-80.0,50.0,0.0,0.0
0.15,0.25,-80.0,30.0,0.0,0.0
0.15,0.25,-80.0,38.0,0.0,0.0
0.15,0.25,-80.0,40.0,0.0,0.0
0.15,0.25,-80.0,42.0,0.0,0.0
0.15,0.25,-80.0,36.0,0.0,0.0
0.15,0.25,-80.0,47.0,0.0,0.0
0.15,0.25,-80.0,35.0,0.0,0.0
0.15,0.25,-80.0,43.0,0.0,0.0
0.15,0.25,-80.0,48.0,0.0,0.0
0.15,0.25,-80.0,48.0,0.0,0.0
0.15,0.25,-80.0,43.0,0.0,0.0
0.15,0.25,-80.0,35.0,0.0,0.0
0.15,0.25,-80.0,49.0,0.0,0.0
0.15,0.25,-80.0,51.0,0.0,0.0
0.15,0.25,-80.0,28.0,0.0,0.0
0.15,0.25,-80.0,43.0,0.0,0.0
0.15,0.25,-80.0,42.0,0.0,0.0
0.15,0.25,-80.0,41.0,0.0,0.0
0.15,0.25,-80.0,51.0,0.0,0.0
0.15,0.25,-80.0,45.0,0.0,0.0
0.15,0.3,-80.0,47.0,0.0,0.0
0.15,0.3,-80.0,56.0,0.0,0.0
0.15,0.3,-80.0,33.0,0.0,0.0
0.15,0.3,-80.0,47.0,0.0,0.0
0.15,0.3,-80.0,48.0,0.0,0.0
0.15,0.3,-80.0,52.0,0.0,0.0
0.15,0.3,-80.0,50.0,0.0,0.0
0.15,0.3,-80.0,52.0,0.0,0.0
0.15,0.3,-80.0,40.0,0.0,0.0
0.15,0.3,-80.0,45.0,0.0,0.0
0.15,0.3,-80.0,51.0,0.0,0.0
0.15,0.3,-80.0,37.0,0.0,0.0
0.15,0.3,-80.0,43.0,0.0,0.0
0.15,0.3,-80.0,47.0,0.0,0.0
0.15,0.3,-80.0,43.0,0.0,0.0
0.15,0.3,-80.0,42.0,0.0,0.0
0.15,0.3,-80.0,43.0,0.0,0.0
0.15,0.3,-80.0,47.0,0.0,0.0
0.15,0.3,-80.0,50.0,0.0,0.0
0.15,0.3,-80.0,48.0,0.0,0.0
0.15,0.35,-80.0,48.0,0.0,0.0
0.15,0.35,-80.0,57.0,0.0,0.0
0.15,0.35,-80.0,49.0,0.0,0.0
0.15,0.35,-80.0,49.0,0.0,0.0
0.15,0.35,-80.0,41.0,0.0,0.0
0.15,0.35,-80.0,42.0,0.0,0.0
0.15,0.35,-80.0,47.0,0.0,0.0
0.15,0.35,-80.0,46.0,0.0,0.0
0.15,0.35,-80.0,35.0,0.0,0.0
0.15,0.35,-80.0,44.0,0.0,0.0
0.15,0.35,-80.0,44.0,0.0,0.0
0.15,0.35,-80.0,53.0,0.0,0.0
0.15,0.35,-80.0,43.0,0.0,0.0
0.15,0.35,-80.0,50.0,0.0,0.0
0.15,0.35,-80.0,46.0,0.0,0.0
0.15,0.35,-80.0,38.0,0.0,0.0
0.15,0.35,-80.0,45.0,0.0,0.0
0.15,0.35,-80.0,47.0,0.0,0.0
0.15,0.35,-80.0,59.0,0.0,0.0
0.15,0.35,-80.0,47.0,0.0,0.0
0.15,0.4,-80.0,39.0,0.0,0.0
0.15,0.4,-80.0,52.0,0.0,0.0
0.15,0.4,-80.0,46.0,0.0,0.0
0.15,0.4,-80.0,45.0,0.0,0.0
0.15,0.4,-80.0,36.0,0.0,0.0
0.15,0.4,-80.0,36.0,0.0,0.0
0.15,0.4,-80.0,42.0,0.0,0.0
0.15,0.4,-80.0,38.0,0.0,0.0
0.15,0.4,-80.0,49.0,0.0,0.0
0.15,0.4,-80.0,64.0,0.0,0.0
0.15,0.4,-80.0,43.0,0.0,0.0
0.15,0.4,-80.0,50.0,0.0,0.0
0.15,0.4,-80.0,49.0,0.0,0.0
0.15,0.4,-80.0,61.0,0.0,0.0
0.15,0.4,-80.0,34.0,0.0,0.0
0.15,0.4,-80.0,51.0,0.0,0.0
0.15,0.4,-80.0,47.0,0.0,0.0
0.15,0.4,-80.0,35.0,0.0,0.0
0.15,0.4,-80.0,49.0,0.0,0.0
0.15,0.4,-80.0,43.0,0.0,0.0
0.15,0.45,-80.0,48.0,0.0,0.0
0.15,0.45,-80.0,54.0,0.0,0.0
0.15,0.45,-80.0,52.0,0.0,0.0
0.15,0.45,-80.0,43.0,0.0,0.0
0.15,0.45,-80.0,57.0,0.0,0.0
0.15,0.45,-80.0,41.0,0.0,0.0
0.15,0.45,-80.0,46.0,0.0,0.0
0.15,0.45,-80.0,42.0,0.0,0.0
0.15,0.45,-80.0,43.0,0.0,0.0
0.15,0.45,-80.0,44.0,0.0,0.0
0.15,0.45,-80.0,53.0,0.0,0.0
0.15,0.45,-80.0,36.0,0.0,0.0
0.15,0.45,-80.0,58.0,0.0,0.0
0.15,0.45,-80.0,39.0,0.0,0.0
0.15,0.45,-80.0,54.0,0.0,0.0
0.15,0.45,-80.0,42.0,0.0,0.0
0.15,0.45,-80.0,50.0,0.0,0.0
0.15,0.45,-80.0,48.0,0.0,0.0
0.15,0.45,-80.0,57.0,0.0,0.0
0.15,0.45,-80.0,53.0,0.0,0.0
0.15,0.5,-80.0,38.0,0.0,0.0
0.15,0.5,-80.0,55.0,0.0,0.0
0.15,0.5,-80.0,57.0,0.0,0.0
0.15,0.5,-80.0,56.0,0.0,0.0
0.15,0.5,-80.0,52.0,0.0,0.0
0.15,0.5,-80.0,57.0,0.0,0.0
0.15,0.5,-80.0,60.0,0.0,0.0
0.15,0.5,-80.0,51.0,0.0,0.0
0.15,0.5,-80.0,47.0,0.0,0.0
0.15,0.5,-80.0,45.0,0.0,0.0
0.15,0.5,-80.0,43.0,0.0,0.0
0.15,0.5,-80.0,44.0,0.0,0.0
0.15,0.5,-80.0,41.0,0.0,0.0
0.15,0.5,-80.0,44.0,0.0,0.0
0.15,0.5,-80.0,41.0,0.0,0.0
0.15,0.5,-80.0,53.0,0.0,0.0
0.15,0.5,-80.0,43.0,0.0,0.0
0.15,0.5,-80.0,43.0,0.0,0.0
0.15,0.5,-80.0,43.0,0.0,0.0
0.15,0.5,-80.0,41.0,0.0,0.0
0.15,0.55,-80.0,45.0,0.0,0.0
0.15,0.55,-80.0,52.0,0.0,0.0
0.15,0.55,-80.0,50.0,0.0,0.0
0.15,0.55,-80.0,31.0,0.0,0.0
0.15,0.55,-80.0,63.0,0.0,0.0
0.15,0.55,-80.0,41.0,0.0,0.0
0.15,0.55,-80.0,48.0,0.0,0.0
0.15,0.55,-80.0,42.0,0.0,0.0
0.15,0.55,-80.0,50.0,0.0,0.0
0.15,0.55,-80.0,58.0,0.0,0.0
0.15,0.55,-80.0,38.0,0.0,0.0
0.15,0.55,-80.0,46.0,0.0,0.0
0.15,0.55,-80.0,53.0,0.0,0.0
0.15,0.55,-80.0,51.0,0.0,0.0
0.15,0.55,-80.0,50.0,0.0,0.0
0.15,0.55,-80.0,59.0,0.0,0.0
0.15,0.55,-80.0,51.0,0.0,0.0
0.15,0.55,-80.0,39.0,0.0,0.0
0.15,0.55,-80.0,35.0,0.0,0.0
0.15,0.55,-80.0,53.0,0.0,0.0
0.15,0.6,-80.0,55.0,0.0,0.0
0.15,0.6,-80.0,56.0,0.0,0.0
0.15,0.6,-80.0,46.0,0.0,0.0
0.15,0.6,-80.0,59.0,0.0,0.0
0.15,0.6,-80.0,48.0,0.0,0.0
0.15,0.6,-80.0,59.0,0.0,0.0
0.15,0.6,-80.0,56.0,0.0,0.0
0.15,0.6,-80.0,52.0,0.0,0.0
0.15,0.6,-80.0,44.0,0.0,0.0
0.15,0.6,-80.0,55.0,0.0,0.0
0.15,0.6,-80.0,56.0,0.0,0.0
0.15,0.6,-80.0,31.0,0.0,0.0
0.15,0.6,-80.0,57.0,0.0,0.0
0.15,0.6,-80.0,36.0,0.0,0.0
0.15,0.6,-80.0,56.0,0.0,0.0
0.15,0.6,-80.0,57.0,0.0,0.0
0.15,0.6,-80.0,68.0,0.0,0.0
0.15,0.6,-80.0,48.0,0.0,0.0
0.15,0.6,-80.0,50.0,0.0,0.0
0.15,0.6,-80.0,55.0,0.0,0.0
0.15,0.62,-80.0,48.0,0.0,0.0
0.15,0.62,-80.0,45.0,0.0,0.0
0.15,0.62,-80.0,40.0,0.0,0.0
0.15,0.62,-80.0,55.0,0.0,0.0
0.15,0.62,-80.0,59.0,0.0,0.0
0.15,0.62,-80.0,54.0,0.0,0.0
0.15,0.62,-80.0,48.0,0.0,0.0
0.15,0.62,-80.0,54.0,0.0,0.0
0.15,0.62,-80.0,43.0,0.0,0.0
0.15,0.62,-80.0,60.0,0.0,0.0
0.15,0.62,-80.0,53.0,0.0,0.0
0.15,0.62,-80.0,53.0,0.0,0.0
0.15,0.62,-80.0,68.0,2.0,0.0
0.15,0.62,-80.0,69.0,0.0,0.0
0.15,0.62,-80.0,54.0,0.0,0.0
0.15,0.62,-80.0,55.0,0.0,0.0
0.15,0.62,-80.0,51.0,0.0,0.0
0.15,0.62,-80.0,49.0,0.0,0.0
0.15,0.62,-80.0,48.0,0.0,0.0
0.15,0.62,-80.0,38.0,0.0,0.0
0.15,0.64,-80.0,48.0,0.0,0.0
0.15,0.64,-80.0,47.0,0.0,0.0
0.15,0.64,-80.0,38.0,0.0,0.0
0.15,0.64,-80.0,55.0,0.0,0.0
0.15,0.64,-80.0,37.0,0.0,0.0
0.15,0.64,-80.0,57.0,0.0,0.0
0.15,0.64,-80.0,58.0,0.0,0.0
0.15,0.64,-80.0,50.0,0.0,0.0
0.15,0.64,-80.0,42.0,0.0,0.0
0.15,0.64,-80.0,48.0,0.0,0.0
0.15,0.64,-80.0,43.0,0.0,0.0
0.15,0.64,-80.0,54.0,1.0,0.0
0.15,0.64,-80.0,45.0,0.0,0.0
0.15,0.64,-80.0,46.0,0.0,0.0
0.15,0.64,-80.0,46.0,0.0,0.0
0.15,0.64,-80.0,43.0,0.0,0.0
0.15,0.64,-80.0,51.0,0.0,0.0
0.15,0.64,-80.0,52.0,0.0,0.0
0.15,0.64,-80.0,44.0,0.0,0.0
0.15,0.64,-80.0,51.0,0.0,0.0
0.15,0.66,-80.0,40.0,0.0,0.0
0.15,0.66,-80.0,46.0,0.0,0.0
0.15,0.66,-80.0,41.0,0.0,0.0
0.15,0.66,-80.0,53.0,0.0,0.0
0.15,0.66,-80.0,45.0,0.0,0.0
0.15,0.66,-80.0,47.0,0.0,0.0
0.15,0.66,-80.0,34.0,0.0,0.0
0.15,0.66,-80.0,54.0,0.0,0.0
0.15,0.66,-80.0,69.0,0.0,0.0
0.15,0.66,-80.0,53.0,0.0,0.0
0.15,0.66,-80.0,41.0,0.0,0.0
0.15,0.66,-80.0,42.0,0.0,0.0
0.15,0.66,-80.0,54.0,0.0,0.0
0.15,0.66,-80.0,57.0,0.0,0.0
0.15,0.66,-80.0,59.0,0.0,0.0
0.15,0.66,-80.0,57.0,0.0,0.0
0.15,0.66,-80.0,58.0,0.0,0.0
0.15,0.66,-80.0,56.0,0.0,0.0
0.15,0.66,-80.0,58.0,0.0,0.0
0.15,0.66,-80.0,48.0,0.0,0.0
0.15,0.68,-80.0,54.0,0.0,0.0
0.15,0.68,-80.0,50.0,0.0,0.0
0.15,0.68,-80.0,51.0,0.0,0.0
0.15,0.68,-80.0,57.0,0.0,0.0
0.15,0.68,-80.0,458.0,1.0,1.0
0.15,0.68,-80.0,53.0,0.0,0.0
0.15,0.68,-80.0,50.0,0.0,0.0
0.15,0.68,-80.0,37.0,0.0,0.0
0.15,0.68,-80.0,54.0,0.0,0.0
0.15,0.68,-80.0,45.0,0.0,0.0
0.15,0.68,-80.0,56.0,0.0,0.0
0.15,0.68,-80.0,52.0,0.0,0.0
0.15,0.68,-80.0,49.0,0.0,0.0
0.15,0.68,-80.0,61.0,2.0,0.0
0.15,0.68,-80.0,48.0,0.0,0.0
0.15,0.68,-80.0,59.0,0.0,0.0
0.15,0.68,-80.0,48.0,0.0,0.0
0.15,0.68,-80.0,422.0,2.0,1.0
0.15,0.68,-80.0,50.0,0.0,0.0
0.15,0.68,-80.0,69.0,0.0,0.0
0.15,0.7,-80.0,43.0,0.0,0.0
0.15,0.7,-80.0,46.0,0.0,0.0
0.15,0.7,-80.0,52.0,0.0,0.0
0.15,0.7,-80.0,67.0,0.0,0.0
0.15,0.7,-80.0,50.0,0.0,0.0
0.15,0.7,-80.0,37.0,0.0,0.0
0.15,0.7,-80.0,40.0,0.0,0.0
0.15,0.7,-80.0,49.0,0.0,0.0
0.15,0.7,-80.0,56.0,0.0,0.0
0.15,0.7,-80.0,58.0,0.0,0.0
0.15,0.7,-80.0,41.0,0.0,0.0
0.15,0.7,-80.0,49.0,0.0,0.0
0.15,0.7,-80.0,67.0,1.0,0.0
0.15,0.7,-80.0,68.0,1.0,0.0
0.15,0.7,-80.0,51.0,0.0,0.0
0.15,0.7,-80.0,53.0,0.0,0.0
0.15,0.7,-80.0,39.0,0.0,0.0
0.15,0.7,-80.0,57.0,0.0,0.0
0.15,0.7,-80.0,44.0,0.0,0.0
0.15,0.7,-80.0,584.0,2.0,1.0
0.15,0.72,-80.0,64.0,0.0,0.0
0.15,0.72,-80.0,52.0,0.0,0.0
0.15,0.72,-80.0,41.0,0.0,0.0
0.15,0.72,-80.0,524.0,1.0,1.0
0.15,0.72,-80.0,56.0,0.0,0.0
0.15,0.72,-80.0,61.0,0.0,0.0
0.15,0.72,-80.0,54.0,0.0,0.0
0.15,0.72,-80.0,59.0,0.0,0.0
0.15,0.72,-80.0,69.0,0.0,0.0
0.15,0.72,-80.0,52.0,0.0,0.0
0.15,0.72,-80.0,59.0,0.0,0.0
0.15,0.72,-80.0,58.0,0.0,0.0
0.15,0.72,-80.0,51.0,0.0,0.0
0.15,0.72,-80.0,57.0,0.0,0.0
0.15,0.72,-80.0,49.0,0.0,0.0
0.15,0.72,-80.0,47.0,0.0,0.0
0.15,0.72,-80.0,46.0,0.0,0.0
0.15,0.72,-80.0,83.0,0.0,0.0
0.15,0.72,-80.0,54.0,0.0,0.0
0.15,0.72,-80.0,46.0,0.0,0.0
0.15,0.74,-80.0,78.0,0.0,0.0
0.15,0.74,-80.0,39.0,0.0,0.0
0.15,0.74,-80.0,63.0,0.0,0.0
0.15,0.74,-80.0,515.0,1.0,1.0
0.15,0.74,-80.0,51.0,0.0,0.0
0.15,0.74,-80.0,621.0,0.0,1.0
0.15,0.74,-80.0,52.0,0.0,0.0
0.15,0.74,-80.0,73.0,0.0,0.0
0.15,0.74,-80.0,42.0,0.0,0.0
0.15,0.74,-80.0,48.0,0.0,0.0
0.15,0.74,-80.0,86.0,3.0,0.0
0.15,0.74,-80.0,60.0,0.0,0.0
0.15,0.74,-80.0,47.0,0.0,0.0
0.15,0.74,-80.0,34.0,0.0,0.0
0.15,0.74,-80.0,59.0,0.0,0.0
0.15,0.74,-80.0,45.0,0.0,0.0
0.15,0.74,-80.0,34.0,0.0,0.0
0.15,0.74,-80.0,53.0,0.0,0.0
0.15,0.74,-80.0,58.0,0.0,0.0
0.15,0.74,-80.0,55.0,0.0,0.0
0.15,0.76,-80.0,54.0,0.0,0.0
0.15,0.76,-80.0,64.0,0.0,0.0
0.15,0.76,-80.0,59.0,0.0,0.0
0.15,0.76,-80.0,50.0,0.0,0.0
0.15,0.76,-80.0,57.0,0.0,0.0
0.15,0.76,-80.0,73.0,0.0,0.0
0.15,0.76,-80.0,61.0,0.0,0.0
0.15,0.76,-80.0,612.0,2.0,1.0
0.15,0.76,-80.0,47.0,0.0,0.0
0.15,0.76,-80.0,61.0,0.0,0.0
0.15,0.76,-80.0,55.0,0.0,0.0
0.15,0.76,-80.0,72.0,0.0,0.0
0.15,0.76,-80.0,51.0,0.0,0.0
0.15,0.76,-80.0,47.0,0.0,0.0
0.15,0.76,-80.0,58.0,0.0,0.0
0.15,0.76,-80.0,49.0,0.0,0.0
0.15,0.76,-80.0,65.0,0.0,0.0
0.15,0.76,-80.0,53.0,0.0,0.0
0.15,0.76,-80.0,60.0,0.0,0.0
0.15,0.76,-80.0,73.0,1.0,0.0
0.15,0.78,-80.0,62.0,0.0,0.0
0.15,0.78,-80.0,60.0,0.0,0.0
0.15,0.78,-80.0,45.0,0.0,0.0
0.15,0.78,-80.0,63.0,0.0,0.0
0.15,0.78,-80.0,860.0,0.0,1.0
0.15,0.78,-80.0,45.0,0.0,0.0
0.15,0.78,-80.0,160.0,0.0,1.0
0.15,0.78,-80.0,690.0,2.0,1.0
0.15,0.78,-80.0,61.0,0.0,0.0
0.15,0.78,-80.0,66.0,0.0,0.0
0.15,0.78,-80.0,51.0,0.0,0.0
0.15,0.78,-80.0,51.0,0.0,0.0
0.15,0.78,-80.0,62.0,0.0,0.0
0.15,0.78,-80.0,60.0,0.0,0.0
0.15,0.78,-80.0,664.0,4.0,1.0
0.15,0.78,-80.0,172.0,0.0,1.0
0.15,0.78,-80.0,699.0,2.0,1.0
0.15,0.78,-80.0,54.0,0.0,0.0
0.15,0.78,-80.0,49.0,0.0,0.0
0.15,0.78,-80.0,53.0,0.0,0.0
0.15,0.8,-80.0,123.0,1.0,0.0
0.15,0.8,-80.0,63.0,0.0,0.0
0.15,0.8,-80.0,55.0,0.0,0.0
0.15,0.8,-80.0,57.0,0.0,0.0
0.15,0.8,-80.0,54.0,0.0,0.0
0.15,0.8,-80.0,712.0,3.0,1.0
0.15,0.8,-80.0,76.0,0.0,0.0
0.15,0.8,-80.0,66.0,0.0,0.0
0.15,0.8,-80.0,677.0,3.0,1.0
0.15,0.8,-80.0,43.0,0.0,0.0
0.15,0.8,-80.0,84.0,1.0,0.0
0.15,0.8,-80.0,61.0,0.0,0.0
0.15,0.8,-80.0,40.0,0.0,0.0
0.15,0.8,-80.0,42.0,0.0,0.0
0.15,0.8,-80.0,63.0,0.0,0.0
0.15,0.8,-80.0,54.0,0.0,0.0
0.15,0.8,-80.0,62.0,0.0,0.0
0.15,0.8,-80.0,59.0,0.0,0.0
0.15,0.8,-80.0,47.0,0.0,0.0
0.15,0.8,-80.0,54.0,0.0,0.0
0.15,0.82,-80.0,625.0,1.0,1.0
0.15,0.82,-80.0,45.0,0.0,0.0
0.15,0.82,-80.0,42.0,0.0,0.0
0.15,0.82,-80.0,47.0,0.0,0.0
0.15,0.82,-80.0,59.0,0.0,0.0
0.15,0.82,-80.0,174.0,0.0,1.0
0.15,0.82,-80.0,49.0,0.0,0.0
0.15,0.82,-80.0,55.0,0.0,0.0
0.15,0.82,-80.0,675.0,1.0,1.0
0.15,0.82,-80.0,40.0,0.0,0.0
0.15,0.82,-80.0,63.0,0.0,0.0
0.15,0.82,-80.0,64.0,0.0,0.0
0.15,0.82,-80.0,56.0,0.0,0.0
0.15,0.82,-80.0,71.0,0.0,0.0
0.15,0.82,-80.0,64.0,0.0,0.0
0.15,0.82,-80.0,680.0,0.0,1.0
0.15,0.82,-80.0,900.0,0.0,1.0
0.15,0.82,-80.0,892.0,8.0,1.0
0.15,0.82,-80.0,63.0,0.0,0.0
0.15,0.82,-80.0,648.0,0.0,1.0
0.15,0.84,-80.0,66.0,0.0,0.0
0.15,0.84,-80.0,883.0,0.0,1.0
0.15,0.84,-80.0,526.0,2.0,1.0
0.15,0.84,-80.0,51.0,0.0,0.0
0.15,0.84,-80.0,45.0,0.0,0.0
0.15,0.84,-80.0,43.0,0.0,0.0
0.15,0.84,-80.0,748.0,2.0,1.0
0.15,0.84,-80.0,48.0,0.0,0.0
0.15,0.84,-80.0,79.0,0.0,0.0
0.15,0.84,-80.0,674.0,1.0,1.0
0.15,0.84,-80.0,742.0,2.0,1.0
0.15,0.84,-80.0,727.0,2.0,1.0
0.15,0.84,-80.0,65.0,0.0,0.0
0.15,0.84,-80.0,733.0,2.0,1.0
0.15,0.84,-80.0,885.0,0.0,1.0
0.15,0.84,-80.0,65.0,0.0,0.0
0.15,0.84,-80.0,49.0,0.0,0.0
0.15,0.84,-80.0,59.0,0.0,0.0
0.15,0.84,-80.0,752.0,1.0,1.0
0.15,0.84,-80.0,49.0,0.0,0.0
0.15,0.86,-80.0,856.0,4.0,1.0
0.15,0.86,-80.0,52.0,0.0,0.0
0.15,0.86,-80.0,71.0,0.0,0.0
0.15,0.86,-80.0,55.0,0.0,0.0
0.15,0.86,-80.0,866.0,2.0,1.0
0.15,0.86,-80.0,185.0,0.0,1.0
0.15,0.86,-80.0,80.0,0.0,0.0
0.15,0.86,-80.0,60.0,0.0,0.0
0.15,0.86,-80.0,51.0,0.0,0.0
0.15,0.86,-80.0,59.0,0.0,0.0
0.15,0.86,-80.0,87.0,6.0,0.0
0.15,0.86,-80.0,76.0,0.0,0.0
0.15,0.86,-80.0,46.0,0.0,0.0
0.15,0.86,-80.0,499.0,6.0,1.0
0.15,0.86,-80.0,891.0,1.0,1.0
0.15,0.86,-80.0,68.0,0.0,0.0
0.15,0.86,-80.0,44.0,0.0,0.0
0.15,0.86,-80.0,57.0,0.0,0.0
0.15,0.86,-80.0,44.0,0.0,0.0
0.15,0.86,-80.0,74.0,0.0,0.0
0.15,0.88,-80.0,905.0,2.0,1.0
0.15,0.88,-80.0,54.0,0.0,0.0
0.15,0.88,-80.0,77.0,0.0,0.0
0.15,0.88,-80.0,56.0,0.0,0.0
0.15,0.88,-80.0,49.0,0.0,0.0
0.15,0.88,-80.0,901.0,3.0,1.0
0.15,0.88,-80.0,52.0,0.0,0.0
0.15,0.88,-80.0,59.0,0.0,0.0
0.15,0.88,-80.0,741.0,5.0,1.0
0.15,0.88,-80.0,736.0,3.0,1.0
0.15,0.88,-80.0,807.0,6.0,1.0
0.15,0.88,-80.0,158.0,94.0,1.0
0.15,0.88,-80.0,64.0,0.0,0.0
0.15,0.88,-80.0,910.0,2.0,1.0
0.15,0.88,-80.0,51.0,0.0,0.0
0.15,0.88,-80.0,58.0,0.0,0.0
0.15,0.88,-80.0,637.0,5.0,1.0
0.15,0.88,-80.0,156.0,114.0,1.0
0.15,0.88,-80.0,188.0,0.0,1.0
0.15,0.88,-80.0,164.0,93.0,1.0
0.15,0.9,-80.0,873.0,2.0,1.0
0.15,0.9,-80.0,73.0,0.0,0.0
0.15,0.9,-80.0,62.0,6.0,0.0
0.15,0.9,-80.0,752.0,3.0,1.0
0.15,0.9,-80.0,781.0,6.0,1.0
0.15,0.9,-80.0,935.0,2.0,1.0
0.15,0.9,-80.0,49.0,0.0,0.0
0.15,0.9,-80.0,59.0,0.0,0.0
0.15,0.9,-80.0,100.0,11.0,0.0
0.15,0.9,-80.0,76.0,0.0,0.0
0.15,0.9,-80.0,69.0,0.0,0.0
0.15,0.9,-80.0,70.0,3.0,0.0
0.15,0.9,-80.0,884.0,7.0,1.0
0.15,0.9,-80.0,792.0,2.0,1.0
0.15,0.9,-80.0,78.0,0.0,0.0
0.15,0.9,-80.0,770.0,5.0,1.0
0.15,0.9,-80.0,48.0,0.0,0.0
0.15,0.9,-80.0,87.0,6.0,0.0
0.15,0.9,-80.0,196.0,0.0,1.0
0.15,0.9,-80.0,796.0,8.0,1.0
0.15,0.92,-80.0,51.0,0.0,0.0
0.15,0.92,-80.0,82.0,1.0,0.0
0.15,0.92,-80.0,947.0,1.0,1.0
0.15,0.92,-80.0,935.0,8.0,1.0
0.15,0.92,-80.0,813.0,3.0,1.0
0.15,0.92,-80.0,917.0,2.0,1.0
0.15,0.92,-80.0,66.0,0.0,0.0
0.15,0.92,-80.0,889.0,0.0,1.0
0.15,0.92,-80.0,937.0,0.0,1.0
0.15,0.92,-80.0,937.0,0.0,1.0
0.15,0.92,-80.0,927.0,2.0,1.0
0.15,0.92,-80.0,836.0,2.0,1.0
0.15,0.92,-80.0,840.0,2.0,1.0
0.15,0.92,-80.0,887.0,5.0,1.0
0.15,0.92,-80.0,931.0,2.0,1.0
0.15,0.92,-80.0,829.0,1.0,1.0
0.15,0.92,-80.0,949.0,1.0,1.0
0.15,0.92,-80.0,64.0,0.0,0.0
0.15,0.92,-80.0,74.0,0.0,0.0
0.15,0.92,-80.0,57.0,0.0,0.0
0.15,0.94,-80.0,940.0,0.0,1.0
0.15,0.94,-80.0,50.0,0.0,0.0
0.15,0.94,-80.0,927.0,8.0,1.0
0.15,0.94,-80.0,94.0,1.0,0.0
0.15,0.94,-80.0,933.0,0.0,1.0
0.15,0.94,-80.0,58.0,0.0,0.0
0.15,0.94,-80.0,51.0,0.0,0.0
0.15,0.94,-80.0,815.0,0.0,1.0
0.15,0.94,-80.0,56.0,0.0,0.0
0.15,0.94,-80.0,60.0,0.0,0.0
0.15,0.94,-80.0,941.0,1.0,1.0
0.15,0.94,-80.0,74.0,0.0,0.0
0.15,0.94,-80.0,72.0,0.0,0.0
0.15,0.94,-80.0,929.0,2.0,1.0
0.15,0.94,-80.0,176.0,0.0,1.0
0.15,0.94,-80.0,67.0,0.0,0.0
0.15,0.94,-80.0,69.0,0.0,0.0
0.15,0.94,-80.0,928.0,0.0,1.0
0.15,0.94,-80.0,947.0,1.0,1.0
0.15,0.94,-80.0,64.0,0.0,0.0
0.15,0.96,-80.0,947.0,12.0,1.0
0.15,0.96,-80.0,915.0,6.0,1.0
0.15,0.96,-80.0,992.0,0.0,1.0
0.15,0.96,-80.0,141.0,104.0,1.0
0.15,0.96,-80.0,166.0,114.0,1.0
0.15,0.96,-80.0,959.0,4.0,1.0
0.15,0.96,-80.0,898.0,3.0,1.0
0.15,0.96,-80.0,818.0,4.0,1.0
0.15,0.96,-80.0,989.0,0.0,1.0
0.15,0.96,-80.0,189.0,105.0,1.0
0.15,0.96,-80.0,962.0,0.0,1.0
0.15,0.96,-80.0,62.0,0.0,0.0
0.15,0.96,-80.0,972.0,0.0,1.0
0.15,0.96,-80.0,978.0,0.0,1.0
0.15,0.96,-80.0,924.0,0.0,1.0
0.15,0.96,-80.0,70.0,0.0,0.0
0.15,0.96,-80.0,852.0,4.0,1.0
0.15,0.96,-80.0,63.0,0.0,0.0
0.15,0.96,-80.0,59.0,0.0,0.0
0.15,0.96,-80.0,963.0,3.0,1.0
0.15,0.98,-80.0,985.0,0.0,1.0
0.15,0.98,-80.0,37.0,0.0,0.0
0.15,0.98,-80.0,179.0,115.0,1.0
0.15,0.98,-80.0,43.0,0.0,0.0
0.15,0.98,-80.0,56.0,0.0,0.0
0.15,0.98,-80.0,151.0,104.0,1.0
0.15,0.98,-80.0,1038.0,0.0,1.0
0.15,0.98,-80.0,96.0,0.0,0.0
0.15,0.98,-80.0,909.0,2.0,1.0
0.15,0.98,-80.0,74.0,0.0,0.0
0.15,0.98,-80.0,36.0,0.0,0.0
0.15,0.98,-80.0,69.0,0.0,0.0
0.15,0.98,-80.0,929.0,1.0,1.0
0.15,0.98,-80.0,91.0,0.0,0.0
0.15,0.98,-80.0,943.0,10.0,1.0
0.15,0.98,-80.0,56.0,0.0,0.0
0.15,0.98,-80.0,78.0,0.0,0.0
0.15,0.98,-80.0,68.0,0.0,0.0
0.15,0.98,-80.0,43.0,0.0,0.0
0.15,0.98,-80.0,64.0,0.0,0.0
0.15,1.0,-80.0,50.0,0.0,0.0
0.15,1.0,-80.0,44.0,0.0,0.0
0.15,1.0,-80.0,88.0,1.0,0.0
0.15,1.0,-80.0,105.0,3.0,0.0
0.15,1.0,-80.0,1037.0,2.0,1.0
0.15,1.0,-80.0,999.0,10.0,1.0
0.15,1.0,-80.0,56.0,0.0,0.0
0.15,1.0,-80.0,1009.0,0.0,1.0
0.15,1.0,-80.0,1048.0,6.0,1.0
0.15,1.0,-80.0,122.0,11.0,0.0
0.15,1.0,-80.0,952.0,2.0,1.0
0.15,1.0,-80.0,955.0,2.0,1.0
0.15,1.0,-80.0,1016.0,0.0,1.0
0.15,1.0,-80.0,58.0,0.0,0.0
0.15,1.0,-80.0,130.0,4.0,0.0
0.15,1.0,-80.0,181.0,114.0,1.0
0.15,1.0,-80.0,190.0,113.0,1.0
0.15,1.0,-80.0,236.0,104.0,1.0
0.15,1.0,-80.0,1026.0,9.0,1.0
0.15,1.0,-80.0,183.0,112.0,1.0
0.15,1.02,-80.0,1073.0,7.0,1.0
0.15,1.02,-80.0,51.0,0.0,0.0
0.15,1.02,-80.0,1051.0,2.0,1.0
0.15,1.02,-80.0,915.0,2.0,1.0
0.15,1.02,-80.0,58.0,0.0,0.0
0.15,1.02,-80.0,187.0,120.0,1.0
0.15,1.02,-80.0,84.0,0.0,0.0
0.15,1.02,-80.0,1099.0,6.0,1.0
0.15,1.02,-80.0,177.0,112.0,1.0
0.15,1.02,-80.0,1079.0,3.0,1.0
0.15,1.02,-80.0,1082.0,2.0,1.0
0.15,1.02,-80.0,1065.0,1.0,1.0
0.15,1.02,-80.0,155.0,113.0,1.0
0.15,1.02,-80.0,203.0,112.0,1.0
0.15,1.02,-80.0,1092.0,1.0,1.0
0.15,1.02,-80.0,1083.0,1.0,1.0
0.15,1.02,-80.0,65.0,0.0,0.0
0.15,1.02,-80.0,1054.0,3.0,1.0
0.15,1.02,-80.0,1007.0,6.0,1.0
0.15,1.02,-80.0,1075.0,2.0,1.0
0.15,1.04,-80.0,1145.0,1.0,1.0
0.15,1.04,-80.0,1095.0,1.0,1.0
0.15,1.04,-80.0,65.0,0.0,0.0
0.15,1.04,-80.0,66.0,0.0,0.0
0.15,1.04,-80.0,949.0,12.0,1.0
0.15,1.04,-80.0,1082.0,2.0,1.0
0.15,1.04,-80.0,177.0,104.0,1.0
0.15,1.04,-80.0,48.0,0.0,0.0
0.15,1.04,-80.0,183.0,112.0,1.0
0.15,1.04,-80.0,170.0,120.0,1.0
0.15,1.04,-80.0,1094.0,2.0,1.0
0.15,1.04,-80.0,1064.0,3.0,1.0
0.15,1.04,-80.0,72.0,0.0,0.0
0.15,1.04,-80.0,1010.0,3.0,1.0
0.15,1.04,-80.0,1229.0,1.0,1.0
0.15,1.04,-80.0,102.0,0.0,0.0
0.15,1.04,-80.0,1129.0,14.0,1.0
0.15,1.04,-80.0,1086.0,2.0,1.0
0.15,1.04,-80.0,1057.0,2.0,1.0
0.15,1.04,-80.0,59.0,0.0,0.0
0.15,1.06,-80.0,188.0,132.0,1.0
0.15,1.06,-80.0,45.0,0.0,0.0
0.15,1.06,-80.0,998.0,0.0,1.0
0.15,1.06,-80.0,1078.0,7.0,1.0
0.15,1.06,-80.0,1167.0,1.0,1.0
0.15,1.06,-80.0,253.0,109.0,1.0
0.15,1.06,-80.0,190.0,129.0,1.0
0.15,1.06,-80.0,1100.0,7.0,1.0
0.15,1.06,-80.0,1164.0,2.0,1.0
0.15,1.06,-80.0,180.0,114.0,1.0
0.15,1.06,-80.0,1157.0,4.0,1.0
0.15,1.06,-80.0,1153.0,1.0,1.0
0.15,1.06,-80.0,1147.0,2.0,1.0
0.15,1.06,-80.0,1138.0,10.0,1.0
0.15,1.06,-80.0,150.0,7.0,0.0
0.15,1.06,-80.0,269.0,110.0,1.0
0.15,1.06,-80.0,177.0,123.0,1.0
0.15,1.06,-80.0,186.0,121.0,1.0
0.15,1.06,-80.0,48.0,0.0,0.0
0.15,1.06,-80.0,160.0,131.0,1.0
0.15,1.08,-80.0,1080.0,0.0,1.0
0.15,1.08,-80.0,42.0,0.0,0.0
0.15,1.08,-80.0,1156.0,3.0,1.0
0.15,1.08,-80.0,1130.0,1.0,1.0
0.15,1.08,-80.0,1051.0,7.0,1.0
0.15,1.08,-80.0,1137.0,6.0,1.0
0.15,1.08,-80.0,41.0,0.0,0.0
0.15,1.08,-80.0,1168.0,2.0,1.0
0.15,1.08,-80.0,988.0,3.0,1.0
0.15,1.08,-80.0,68.0,0.0,0.0
0.15,1.08,-80.0,1003.0,12.0,1.0
0.15,1.08,-80.0,1101.0,1.0,1.0
0.15,1.08,-80.0,980.0,4.0,1.0
0.15,1.08,-80.0,140.0,159.0,1.0
0.15,1.08,-80.0,1149.0,1.0,1.0
0.15,1.08,-80.0,1079.0,0.0,1.0
0.15,1.08,-80.0,48.0,0.0,0.0
0.15,1.08,-80.0,1165.0,2.0,1.0
0.15,1.08,-80.0,1214.0,7.0,1.0
0.15,1.08,-80.0,180.0,143.0,1.0
0.15,1.1,-80.0,1136.0,1.0,1.0
0.15,1.1,-80.0,53.0,0.0,0.0
0.15,1.1,-80.0,1152.0,2.0,1.0
0.15,1.1,-80.0,264.0,126.0,1.0
0.15,1.1,-80.0,252.0,125.0,1.0
0.15,1.1,-80.0,241.0,110.0,1.0
0.15,1.1,-80.0,1159.0,4.0,1.0
0.15,1.1,-80.0,1110.0,4.0,1.0
0.15,1.1,-80.0,1239.0,0.0,1.0
0.15,1.1,-80.0,191.0,149.0,1.0
0.15,1.1,-80.0,168.0,6.0,0.0
0.15,1.1,-80.0,1134.0,0.0,1.0
0.15,1.1,-80.0,107.0,5.0,0.0
0.15,1.1,-80.0,1148.0,9.0,1.0
0.15,1.1,-80.0,1073.0,8.0,1.0
0.15,1.1,-80.0,180.0,157.0,1.0
0.15,1.1,-80.0,1148.0,0.0,1.0
0.15,1.1,-80.0,51.0,0.0,0.0
0.15,1.1,-80.0,280.0,126.0,1.0
0.15,1.1,-80.0,57.0,0.0,0.0
0.15,1.12,-80.0,159.0,0.0,1.0
0.15,1.12,-80.0,43.0,0.0,0.0
0.15,1.12,-80.0,177.0,146.0,1.0
0.15,1.12,-80.0,49.0,0.0,0.0
0.15,1.12,-80.0,1229.0,5.0,1.0
0.15,1.12,-80.0,1139.0,5.0,1.0
0.15,1.12,-80.0,63.0,0.0,0.0
0.15,1.12,-80.0,223.0,135.0,1.0
0.15,1.12,-80.0,1116.0,1.0,1.0
0.15,1.12,-80.0,65.0,0.0,0.0
0.15,1.12,-80.0,1061.0,7.0,1.0
0.15,1.12,-80.0,58.0,0.0,0.0
0.15,1.12,-80.0,194.0,99.0,1.0
0.15,1.12,-80.0,1102.0,13.0,1.0
0.15,1.12,-80.0,1061.0,7.0,1.0
0.15,1.12,-80.0,68.0,0.0,0.0
0.15,1.12,-80.0,281.0,99.0,1.0
0.15,1.12,-80.0,59.0,0.0,0.0
0.15,1.12,-80.0,1054.0,11.0,1.0
0.15,1.12,-80.0,155.0,0.0,1.0
0.15,1.14,-80.0,1239.0,5.0,1.0
0.15,1.14,-80.0,1235.0,9.0,1.0
0.15,1.14,-80.0,1257.0,1.0,1.0
0.15,1.14,-80.0,1002.0,18.0,1.0
0.15,1.14,-80.0,139.0,124.0,1.0
0.15,1.14,-80.0,1168.0,3.0,1.0
0.15,1.14,-80.0,1262.0,3.0,1.0
0.15,1.14,-80.0,163.0,0.0,1.0
0.15,1.14,-80.0,63.0,0.0,0.0
0.15,1.14,-80.0,1089.0,5.0,1.0
0.15,1.14,-80.0,1040.0,11.0,1.0
0.15,1.14,-80.0,154.0,0.0,1.0
0.15,1.14,-80.0,257.0,143.0,1.0
0.15,1.14,-80.0,1244.0,1.0,1.0
0.15,1.14,-80.0,1180.0,6.0,1.0
0.15,1.14,-80.0,54.0,0.0,0.0
0.15,1.14,-80.0,1009.0,19.0,1.0
0.15,1.14,-80.0,1260.0,2.0,1.0
0.15,1.14,-80.0,222.0,144.0,1.0
0.15,1.14,-80.0,1275.0,0.0,1.0
0.15,1.16,-80.0,1118.0,28.0,1.0
0.15,1.16,-80.0,228.0,152.0,1.0
0.15,1.16,-80.0,1299.0,9.0,1.0
0.15,1.16,-80.0,201.0,163.0,1.0
0.15,1.16,-80.0,220.0,118.0,1.0
0.15,1.16,-80.0,1272.0,2.0,1.0
0.15,1.16,-80.0,266.0,137.0,1.0
0.15,1.16,-80.0,1286.0,4.0,1.0
0.15,1.16,-80.0,192.0,120.0,1.0
0.15,1.16,-80.0,189.0,121.0,1.0
0.15,1.16,-80.0,1189.0,0.0,1.0
0.15,1.16,-80.0,195.0,223.0,1.0
0.15,1.16,-80.0,323.0,206.0,1.0
0.15,1.16,-80.0,209.0,155.0,1.0
0.15,1.16,-80.0,58.0,0.0,0.0
0.15,1.16,-80.0,194.0,167.0,1.0
0.15,1.16,-80.0,1271.0,3.0,1.0
0.15,1.16,-80.0,254.0,138.0,1.0
0.15,1.16,-80.0,1253.0,6.0,1.0
0.15,1.16,-80.0,1225.0,6.0,1.0
0.15,1.18,-80.0,1251.0,7.0,1.0
0.15,1.18,-80.0,1228.0,6.0,1.0
0.15,1.18,-80.0,1257.0,6.0,1.0
0.15,1.18,-80.0,155.0,0.0,1.0
0.15,1.18,-80.0,1205.0,0.0,1.0
0.15,1.18,-80.0,1268.0,4.0,1.0
0.15,1.18,-80.0,64.0,0.0,0.0
0.15,1.18,-80.0,1272.0,3.0,1.0
0.15,1.18,-80.0,1248.0,3.0,1.0
0.15,1.18,-80.0,261.0,148.0,1.0
0.15,1.18,-80.0,257.0,107.0,1.0
0.15,1.18,-80.0,1259.0,3.0,1.0
0.15,1.18,-80.0,1249.0,2.0,1.0
0.15,1.18,-80.0,177.0,161.0,1.0
0.15,1.18,-80.0,195.0,139.0,1.0
0.15,1.18,-80.0,1244.0,5.0,1.0
0.15,1.18,-80.0,144.0,0.0,1.0
0.15,1.18,-80.0,252.0,257.0,1.0
0.15,1.18,-80.0,1192.0,7.0,1.0
0.15,1.18,-80.0,178.0,121.0,1.0
0.15,1.2,-80.0,333.0,135.0,1.0
0.15,1.2,-80.0,57.0,0.0,0.0
0.15,1.2,-80.0,1264.0,1.0,1.0
0.15,1.2,-80.0,1221.0,3.0,1.0
0.15,1.2,-80.0,1206.0,11.0,1.0
0.15,1.2,-80.0,258.0,145.0,1.0
0.15,1.2,-80.0,49.0,0.0,0.0
0.15,1.2,-80.0,166.0,154.0,1.0
0.15,1.2,-80.0,1189.0,9.0,1.0
0.15,1.2,-80.0,1216.0,12.0,1.0
0.15,1.2,-80.0,1270.0,7.0,1.0
0.15,1.2,-80.0,59.0,0.0,0.0
0.15,1.2,-80.0,1254.0,7.0,1.0
0.15,1.2,-80.0,1208.0,8.0,1.0
0.15,1.2,-80.0,1257.0,8.0,1.0
0.15,1.2,-80.0,1265.0,3.0,1.0
0.15,1.2,-80.0,212.0,175.0,1.0
0.15,1.2,-80.0,250.0,117.0,1.0
0.15,1.2,-80.0,206.0,124.0,1.0
0.15,1.2,-80.0,1139.0,4.0,1.0
0.15,1.22,-80.0,268.0,140.0,1.0
0.15,1.22,-80.0,243.0,138.0,1.0
0.15,1.22,-80.0,300.0,152.0,1.0
0.15,1.22,-80.0,183.0,146.0,1.0
0.15,1.22,-80.0,213.0,240.0,1.0
0.15,1.22,-80.0,191.0,139.0,1.0
0.15,1.22,-80.0,235.0,176.0,1.0
0.15,1.22,-80.0,1253.0,14.0,1.0
0.15,1.22,-80.0,1269.0,10.0,1.0
0.15,1.22,-80.0,1275.0,16.0,1.0
0.15,1.22,-80.0,281.0,123.0,1.0
0.15,1.22,-80.0,215.0,157.0,1.0
0.15,1.22,-80.0,1280.0,6.0,1.0
0.15,1.22,-80.0,1277.0,8.0,1.0
0.15,1.22,-80.0,207.0,140.0,1.0
0.15,1.22,-80.0,1188.0,5.0,1.0
0.15,1.22,-80.0,1294.0,5.0,1.0
0.15,1.22,-80.0,234.0,146.0,1.0
0.15,1.22,-80.0,1201.0,4.0,1.0
0.15,1.22,-80.0,207.0,139.0,1.0
0.15,1.24,-80.0,182.0,183.0,1.0
0.15,1.24,-80.0,237.0,7.0,1.0
0.15,1.24,-80.0,131.0,142.0,1.0
0.15,1.24,-80.0,1256.0,18.0,1.0
0.15,1.24,-80.0,151.0,141.0,1.0
0.15,1.24,-80.0,1318.0,1.0,1.0
0.15,1.24,-80.0,1278.0,6.0,1.0
0.15,1.24,-80.0,1322.0,2.0,1.0
0.15,1.24,-80.0,217.0,166.0,1.0
0.15,1.24,-80.0,1319.0,2.0,1.0
0.15,1.24,-80.0,297.0,146.0,1.0
0.15,1.24,-80.0,1332.0,6.0,1.0
0.15,1.24,-80.0,1322.0,1.0,1.0
0.15,1.24,-80.0,170.0,0.0,1.0
0.15,1.24,-80.0,1300.0,4.0,1.0
0.15,1.24,-80.0,417.0,133.0,1.0
0.15,1.24,-80.0,65.0,0.0,0.0
0.15,1.24,-80.0,266.0,164.0,1.0
0.15,1.24,-80.0,193.0,164.0,1.0
0.15,1.24,-80.0,1341.0,3.0,1.0
0.15,1.26,-80.0,307.0,155.0,1.0
0.15,1.26,-80.0,170.0,136.0,1.0
0.15,1.26,-80.0,1279.0,9.0,1.0
0.15,1.26,-80.0,1375.0,12.0,1.0
0.15,1.26,-80.0,1362.0,2.0,1.0
0.15,1.26,-80.0,1198.0,24.0,1.0
0.15,1.26,-80.0,1311.0,2.0,1.0
0.15,1.26,-80.0,1348.0,0.0,1.0
0.15,1.26,-80.0,1259.0,11.0,1.0
0.15,1.26,-80.0,320.0,161.0,1.0
0.15,1.26,-80.0,297.0,136.0,1.0
0.15,1.26,-80.0,1279.0,9.0,1.0
0.15,1.26,-80.0,285.0,172.0,1.0
0.15,1.26,-80.0,1271.0,0.0,1.0
0.15,1.26,-80.0,263.0,164.0,1.0
0.15,1.26,-80.0,142.0,0.0,1.0
0.15,1.26,-80.0,316.0,170.0,1.0
0.15,1.26,-80.0,380.0,143.0,1.0
0.15,1.26,-80.0,1258.0,3.0,1.0
0.15,1.26,-80.0,1184.0,19.0,1.0
0.15,1.28,-80.0,52.0,0.0,0.0
0.15,1.28,-80.0,1256.0,14.0,1.0
0.15,1.28,-80.0,1353.0,12.0,1.0
0.15,1.28,-80.0,181.0,140.0,1.0
0.15,1.28,-80.0,1314.0,21.0,1.0
0.15,1.28,-80.0,1372.0,13.0,1.0
0.15,1.28,-80.0,148.0,0.0,1.0
0.15,1.28,-80.0,1301.0,5.0,1.0
0.15,1.28,-80.0,1300.0,7.0,1.0
0.15,1.28,-80.0,291.0,155.0,1.0
0.15,1.28,-80.0,1280.0,2.0,1.0
0.15,1.28,-80.0,1329.0,1.0,1.0
0.15,1.28,-80.0,299.0,134.0,1.0
0.15,1.28,-80.0,245.0,164.0,1.0
0.15,1.28,-80.0,1264.0,33.0,1.0
0.15,1.28,-80.0,1332.0,3.0,1.0
0.15,1.28,-80.0,1259.0,13.0,1.0
0.15,1.28,-80.0,1349.0,6.0,1.0
0.15,1.28,-80.0,48.0,0.0,0.0
0.15,1.28,-80.0,248.0,164.0,1.0
0.15,1.3,-80.0,1334.0,11.0,1.0
0.15,1.3,-80.0,1277.0,12.0,1.0
0.15,1.3,-80.0,1300.0,2.0,1.0
0.15,1.3,-80.0,49.0,0.0,0.0
0.15,1.3,-80.0,1342.0,4.0,1.0
0.15,1.3,-80.0,1330.0,3.0,1.0
0.15,1.3,-80.0,274.0,172.0,1.0
0.15,1.3,-80.0,323.0,169.0,1.0
0.15,1.3,-80.0,197.0,169.0,1.0
0.15,1.3,-80.0,1220.0,5.0,1.0
0.15,1.3,-80.0,433.0,148.0,1.0
0.15,1.3,-80.0,1361.0,2.0,1.0
0.15,1.3,-80.0,1297.0,4.0,1.0
0.15,1.3,-80.0,356.0,198.0,1.0
0.15,1.3,-80.0,165.0,174.0,1.0
0.15,1.3,-80.0,358.0,150.0,1.0
0.15,1.3,-80.0,1220.0,10.0,1.0
0.15,1.3,-80.0,1287.0,4.0,1.0
0.15,1.3,-80.0,1344.0,10.0,1.0
0.15,1.3,-80.0,234.0,151.0,1.0
0.15,1.32,-80.0,1311.0,4.0,1.0
0.15,1.32,-80.0,1321.0,3.0,1.0
0.15,1.32,-80.0,1351.0,8.0,1.0
0.15,1.32,-80.0,1413.0,5.0,1.0
0.15,1.32,-80.0,1318.0,3.0,1.0
0.15,1.32,-80.0,269.0,165.0,1.0
0.15,1.32,-80.0,1288.0,7.0,1.0
0.15,1.32,-80.0,396.0,152.0,1.0
0.15,1.32,-80.0,647.0,16.0,1.0
0.15,1.32,-80.0,194.0,187.0,1.0
0.15,1.32,-80.0,1321.0,4.0,1.0
0.15,1.32,-80.0,1367.0,2.0,1.0
0.15,1.32,-80.0,293.0,186.0,1.0
0.15,1.32,-80.0,1398.0,14.0,1.0
0.15,1.32,-80.0,223.0,180.0,1.0
0.15,1.32,-80.0,1285.0,23.0,1.0
0.15,1.32,-80.0,204.0,172.0,1.0
0.15,1.32,-80.0,388.0,178.0,1.0
0.15,1.32,-80.0,471.0,198.0,1.0
0.15,1.32,-80.0,219.0,168.0,1.0
0.15,1.34,-80.0,300.0,185.0,1.0
0.15,1.34,-80.0,448.0,183.0,1.0
0.15,1.34,-80.0,303.0,170.0,1.0
0.15,1.34,-80.0,1396.0,10.0,1.0
0.15,1.34,-80.0,429.0,181.0,1.0
0.15,1.34,-80.0,465.0,163.0,1.0
0.15,1.34,-80.0,127.0,176.0,1.0
0.15,1.34,-80.0,1358.0,10.0,1.0
0.15,1.34,-80.0,1236.0,22.0,1.0
0.15,1.34,-80.0,255.0,202.0,1.0
0.15,1.34,-80.0,56.0,0.0,0.0
0.15,1.34,-80.0,647.0,220.0,1.0
0.15,1.34,-80.0,155.0,183.0,1.0
0.15,1.34,-80.0,255.0,172.0,1.0
0.15,1.34,-80.0,397.0,199.0,1.0
0.15,1.34,-80.0,432.0,228.0,1.0
0.15,1.34,-80.0,1370.0,13.0,1.0
0.15,1.34,-80.0,234.0,175.0,1.0
0.15,1.34,-80.0,1453.0,4.0,1.0
0.15,1.34,-80.0,945.0,33.0,1.0
0.15,1.36,-80.0,284.0,191.0,1.0
0.15,1.36,-80.0,1340.0,13.0,1.0
0.15,1.36,-80.0,418.0,146.0,1.0
0.15,1.36,-80.0,228.0,176.0,1.0
0.15,1.36,-80.0,412.0,168.0,1.0
0.15,1.36,-80.0,434.0,234.0,1.0
0.15,1.36,-80.0,1288.0,22.0,1.0
0.15,1.36,-80.0,1391.0,8.0,1.0
0.15,1.36,-80.0,388.0,198.0,1.0
0.15,1.36,-80.0,1441.0,15.0,1.0
0.15,1.36,-80.0,1352.0,16.0,1.0
0.15,1.36,-80.0,1318.0,16.0,1.0
0.15,1.36,-80.0,356.0,231.0,1.0
0.15,1.36,-80.0,270.0,174.0,1.0
0.15,1.36,-80.0,282.0,230.0,1.0
0.15,1.36,-80.0,1310.0,5.0,1.0
0.15,1.36,-80.0,1377.0,9.0,1.0
0.15,1.36,-80.0,288.0,179.0,1.0
0.15,1.36,-80.0,1156.0,20.0,1.0
0.15,1.36,-80.0,1275.0,14.0,1.0
0.15,1.38,-80.0,203.0,260.0,1.0
0.15,1.38,-80.0,1345.0,11.0,1.0
0.15,1.38,-80.0,235.0,174.0,1.0
0.15,1.38,-80.0,321.0,167.0,1.0
0.15,1.38,-80.0,1343.0,8.0,1.0
0.15,1.38,-80.0,1355.0,9.0,1.0
0.15,1.38,-80.0,1353.0,33.0,1.0
0.15,1.38,-80.0,250.0,146.0,1.0
0.15,1.38,-80.0,312.0,193.0,1.0
0.15,1.38,-80.0,433.0,147.0,1.0
0.15,1.38,-80.0,311.0,161.0,1.0
0.15,1.38,-80.0,328.0,281.0,1.0
0.15,1.38,-80.0,625.0,200.0,1.0
0.15,1.38,-80.0,276.0,247.0,1.0
0.15,1.38,-80.0,1360.0,6.0,1.0
0.15,1.38,-80.0,1423.0,5.0,1.0
0.15,1.38,-80.0,447.0,159.0,1.0
0.15,1.38,-80.0,1303.0,9.0,1.0
0.15,1.38,-80.0,374.0,215.0,1.0
0.15,1.38,-80.0,1350.0,17.0,1.0
0.15,1.4,-80.0,511.0,194.0,1.0
0.15,1.4,-80.0,403.0,294.0,1.0
0.15,1.4,-80.0,327.0,174.0,1.0
0.15,1.4,-80.0,382.0,192.0,1.0
0.15,1.4,-80.0,1428.0,10.0,1.0
0.15,1.4,-80.0,390.0,269.0,1.0
0.15,1.4,-80.0,465.0,199.0,1.0
0.15,1.4,-80.0,449.0,244.0,1.0
0.15,1.4,-80.0,350.0,214.0,1.0
0.15,1.4,-80.0,1417.0,6.0,1.0
0.15,1.4,-80.0,368.0,236.0,1.0
0.15,1.4,-80.0,511.0,248.0,1.0
0.15,1.4,-80.0,1374.0,10.0,1.0
0.15,1.4,-80.0,463.0,299.0,1.0
0.15,1.4,-80.0,422.0,179.0,1.0
0.15,1.4,-80.0,347.0,165.0,1.0
0.15,1.4,-80.0,386.0,155.0,1.0
0.15,1.4,-80.0,317.0,156.0,1.0
0.15,1.4,-80.0,1340.0,14.0,1.0
0.15,1.4,-80.0,572.0,276.0,1.0
0.15,1.42,-80.0,565.0,222.0,1.0
0.15,1.42,-80.0,484.0,215.0,1.0
0.15,1.42,-80.0,64.0,0.0,0.0
0.15,1.42,-80.0,1407.0,15.0,1.0
0.15,1.42,-80.0,315.0,142.0,1.0
0.15,1.42,-80.0,1305.0,18.0,1.0
0.15,1.42,-80.0,1502.0,40.0,1.0
0.15,1.42,-80.0,395.0,148.0,1.0
0.15,1.42,-80.0,52.0,0.0,0.0
0.15,1.42,-80.0,1474.0,22.0,1.0
0.15,1.42,-80.0,468.0,143.0,1.0
0.15,1.42,-80.0,726.0,144.0,1.0
0.15,1.42,-80.0,243.0,176.0,1.0
0.15,1.42,-80.0,545.0,226.0,1.0
0.15,1.42,-80.0,1410.0,18.0,1.0
0.15,1.42,-80.0,1394.0,11.0,1.0
0.15,1.42,-80.0,338.0,164.0,1.0
0.15,1.42,-80.0,1378.0,10.0,1.0
0.15,1.42,-80.0,528.0,209.0,1.0
0.15,1.42,-80.0,1369.0,22.0,1.0
0.15,1.44,-80.0,1395.0,12.0,1.0
0.15,1.44,-80.0,1409.0,8.0,1.0
0.15,1.44,-80.0,517.0,267.0,1.0
0.15,1.44,-80.0,362.0,183.0,1.0
0.15,1.44,-80.0,1434.0,28.0,1.0
0.15,1.44,-80.0,363.0,311.0,1.0
0.15,1.44,-80.0,176.0,189.0,1.0
0.15,1.44,-80.0,650.0,177.0,1.0
0.15,1.44,-80.0,581.0,181.0,1.0
0.15,1.44,-80.0,1448.0,5.0,1.0
0.15,1.44,-80.0,678.0,194.0,1.0
0.15,1.44,-80.0,1372.0,11.0,1.0
0.15,1.44,-80.0,1409.0,12.0,1.0
0.15,1.44,-80.0,417.0,222.0,1.0
0.15,1.44,-80.0,362.0,237.0,1.0
0.15,1.44,-80.0,1377.0,14.0,1.0
0.15,1.44,-80.0,313.0,143.0,1.0
0.15,1.44,-80.0,426.0,198.0,1.0
0.15,1.44,-80.0,328.0,189.0,1.0
0.15,1.44,-80.0,252.0,201.0,1.0
0.15,1.46,-80.0,1415.0,20.0,1.0
0.15,1.46,-80.0,405.0,299.0,1.0
0.15,1.46,-80.0,1432.0,12.0,1.0
0.15,1.46,-80.0,360.0,265.0,1.0
0.15,1.46,-80.0,478.0,222.0,1.0
0.15,1.46,-80.0,529.0,174.0,1.0
0.15,1.46,-80.0,299.0,148.0,1.0
0.15,1.46,-80.0,682.0,186.0,1.0
0.15,1.46,-80.0,443.0,166.0,1.0
0.15,1.46,-80.0,554.0,173.0,1.0
0.15,1.46,-80.0,474.0,306.0,1.0
0.15,1.46,-80.0,563.0,223.0,1.0
0.15,1.46,-80.0,324.0,159.0,1.0
0.15,1.46,-80.0,618.0,219.0,1.0
0.15,1.46,-80.0,451.0,317.0,1.0
0.15,1.46,-80.0,549.0,191.0,1.0
0.15,1.46,-80.0,354.0,189.0,1.0
0.15,1.46,-80.0,1440.0,14.0,1.0
0.15,1.46,-80.0,517.0,235.0,1.0
0.15,1.46,-80.0,198.0,186.0,1.0
0.15,1.48,-80.0,641.0,186.0,1.0
0.15,1.48,-80.0,1427.0,5.0,1.0
0.15,1.48,-80.0,187.0,193.0,1.0
0.15,1.48,-80.0,486.0,157.0,1.0
0.15,1.48,-80.0,336.0,179.0,1.0
0.15,1.48,-80.0,432.0,268.0,1.0
0.15,1.48,-80.0,394.0,315.0,1.0
0.15,1.48,-80.0,449.0,248.0,1.0
0.15,1.48,-80.0,388.0,264.0,1.0
0.15,1.48,-80.0,558.0,262.0,1.0
0.15,1.48,-80.0,392.0,199.0,1.0
0.15,1.48,-80.0,497.0,219.0,1.0
0.15,1.48,-80.0,335.0,205.0,1.0
0.15,1.48,-80.0,1414.0,5.0,1.0
0.15,1.48,-80.0,688.0,154.0,1.0
0.15,1.48,-80.0,627.0,237.0,1.0
0.15,1.48,-80.0,1430.0,17.0,1.0
0.15,1.48,-80.0,384.0,228.0,1.0
0.15,1.48,-80.0,368.0,149.0,1.0
0.15,1.48,-80.0,1348.0,21.0,1.0
0.15,1.5,-80.0,477.0,238.0,1.0
0.15,1.5,-80.0,533.0,237.0,1.0
0.15,1.5,-80.0,1289.0,23.0,1.0
0.15,1.5,-80.0,593.0,294.0,1.0
0.15,1.5,-80.0,1384.0,13.0,1.0
0.15,1.5,-80.0,1404.0,12.0,1.0
0.15,1.5,-80.0,681.0,247.0,1.0
0.15,1.5,-80.0,563.0,258.0,1.0
0.15,1.5,-80.0,399.0,248.0,1.0
0.15,1.5,-80.0,1496.0,9.0,1.0
0.15,1.5,-80.0,479.0,286.0,1.0
0.15,1.5,-80.0,838.0,334.0,1.0
0.15,1.5,-80.0,338.0,192.0,1.0
0.15,1.5,-80.0,327.0,191.0,1.0
0.15,1.5,-80.0,553.0,257.0,1.0
0.15,1.5,-80.0,384.0,246.0,1.0
0.15,1.5,-80.0,617.0,216.0,1.0
0.15,1.5,-80.0,1419.0,10.0,1.0
0.15,1.5,-80.0,1363.0,35.0,1.0
0.15,1.5,-80.0,379.0,291.0,1.0
0.15,1.52,-80.0,613.0,257.0,1.0
0.15,1.52,-80.0,351.0,199.0,1.0
0.15,1.52,-80.0,757.0,197.0,1.0
0.15,1.52,-80.0,527.0,292.0,1.0
0.15,1.52,-80.0,535.0,277.0,1.0
0.15,1.52,-80.0,298.0,208.0,1.0
0.15,1.52,-80.0,399.0,177.0,1.0
0.15,1.52,-80.0,810.0,178.0,1.0
0.15,1.52,-80.0,519.0,253.0,1.0
0.15,1.52,-80.0,1476.0,4.0,1.0
0.15,1.52,-80.0,448.0,195.0,1.0
0.15,1.52,-80.0,726.0,214.0,1.0
0.15,1.52,-80.0,461.0,300.0,1.0
0.15,1.52,-80.0,1423.0,9.0,1.0
0.15,1.52,-80.0,1331.0,19.0,1.0
0.15,1.52,-80.0,503.0,253.0,1.0
0.15,1.52,-80.0,424.0,171.0,1.0
0.15,1.52,-80.0,1416.0,6.0,1.0
0.15,1.52,-80.0,690.0,202.0,1.0
0.15,1.52,-80.0,623.0,245.0,1.0
0.15,1.54,-80.0,661.0,245.0,1.0
0.15,1.54,-80.0,567.0,212.0,1.0
0.15,1.54,-80.0,1459.0,9.0,1.0
0.15,1.54,-80.0,620.0,265.0,1.0
0.15,1.54,-80.0,752.0,195.0,1.0
0.15,1.54,-80.0,449.0,230.0,1.0
0.15,1.54,-80.0,494.0,314.0,1.0
0.15,1.54,-80.0,492.0,262.0,1.0
0.15,1.54,-80.0,1439.0,17.0,1.0
0.15,1.54,-80.0,605.0,245.0,1.0
0.15,1.54,-80.0,387.0,254.0,1.0
0.15,1.54,-80.0,306.0,258.0,1.0
0.15,1.54,-80.0,1428.0,41.0,1.0
0.15,1.54,-80.0,97.0,0.0,1.0
0.15,1.54,-80.0,381.0,197.0,1.0
0.15,1.54,-80.0,595.0,259.0,1.0
0.15,1.54,-80.0,720.0,212.0,1.0
0.15,1.54,-80.0,388.0,324.0,1.0
0.15,1.54,-80.0,557.0,214.0,1.0
0.15,1.54,-80.0,1499.0,7.0,1.0
0.15,1.56,-80.0,810.0,340.0,1.0
0.15,1.56,-80.0,614.0,229.0,1.0
0.15,1.56,-80.0,1512.0,21.0,1.0
0.15,1.56,-80.0,673.0,196.0,1.0
0.15,1.56,-80.0,665.0,231.0,1.0
0.15,1.56,-80.0,600.0,247.0,1.0
0.15,1.56,-80.0,1396.0,7.0,1.0
0.15,1.56,-80.0,506.0,221.0,1.0
0.15,1.56,-80.0,634.0,216.0,1.0
0.15,1.56,-80.0,742.0,230.0,1.0
0.15,1.56,-80.0,676.0,249.0,1.0
0.15,1.56,-80.0,1509.0,8.0,1.0
0.15,1.56,-80.0,599.0,258.0,1.0
0.15,1.56,-80.0,422.0,292.0,1.0
0.15,1.56,-80.0,746.0,240.0,1.0
0.15,1.56,-80.0,501.0,230.0,1.0
0.15,1.56,-80.0,1448.0,21.0,1.0
0.15,1.56,-80.0,380.0,195.0,1.0
0.15,1.56,-80.0,691.0,262.0,1.0
0.15,1.56,-80.0,667.0,238.0,1.0
0.15,1.58,-80.0,1520.0,36.0,1.0
0.15,1.58,-80.0,519.0,255.0,1.0
0.15,1.58,-80.0,604.0,356.0,1.0
0.15,1.58,-80.0,786.0,246.0,1.0
0.15,1.58,-80.0,1496.0,9.0,1.0
0.15,1.58,-80.0,449.0,251.0,1.0
0.15,1.58,-80.0,501.0,266.0,1.0
0.15,1.58,-80.0,547.0,243.0,1.0
0.15,1.58,-80.0,287.0,183.0,1.0
0.15,1.58,-80.0,1479.0,9.0,1.0
0.15,1.58,-80.0,573.0,246.0,1.0
0.15,1.58,-80.0,694.0,275.0,1.0
0.15,1.58,-80.0,1533.0,8.0,1.0
0.15,1.58,-80.0,1123.0,184.0,1.0
0.15,1.58,-80.0,558.0,233.0,1.0
0.15,1.58,-80.0,519.0,228.0,1.0
0.15,1.58,-80.0,304.0,335.0,1.0
0.15,1.58,-80.0,716.0,224.0,1.0
0.15,1.58,-80.0,858.0,209.0,1.0
0.15,1.58,-80.0,1519.0,1.0,1.0
0.15,1.6,-80.0,1485.0,6.0,1.0
0.15,1.6,-80.0,1498.0,8.0,1.0
0.15,1.6,-80.0,410.0,187.0,1.0
0.15,1.6,-80.0,438.0,227.0,1.0
0.15,1.6,-80.0,629.0,255.0,1.0
0.15,1.6,-80.0,834.0,209.0,1.0
0.15,1.6,-80.0,1628.0,8.0,1.0
0.15,1.6,-80.0,1495.0,8.0,1.0
0.15,1.6,-80.0,688.0,275.0,1.0
0.15,1.6,-80.0,561.0,277.0,1.0
0.15,1.6,-80.0,759.0,196.0,1.0
0.15,1.6,-80.0,933.0,243.0,1.0
0.15,1.6,-80.0,1570.0,18.0,1.0
0.15,1.6,-80.0,680.0,243.0,1.0
0.15,1.6,-80.0,1482.0,5.0,1.0
0.15,1.6,-80.0,514.0,264.0,1.0
0.15,1.6,-80.0,726.0,230.0,1.0
0.15,1.6,-80.0,549.0,276.0,1.0
0.15,1.6,-80.0,751.0,208.0,1.0
0.15,1.6,-80.0,665.0,255.0,1.0
0.15,1.7,-80.0,893.0,243.0,1.0
0.15,1.7,-80.0,668.0,245.0,1.0
0.15,1.7,-80.0,695.0,267.0,1.0
0.15,1.7,-80.0,813.0,310.0,1.0
0.15,1.7,-80.0,804.0,353.0,1.0
0.15,1.7,-80.0,576.0,243.0,1.0
0.15,1.7,-80.0,938.0,240.0,1.0
0.15,1.7,-80.0,584.0,350.0,1.0
0.15,1.7,-80.0,572.0,268.0,1.0
0.15,1.7,-80.0,935.0,233.0,1.0
0.15,1.7,-80.0,866.0,280.0,1.0
0.15,1.7,-80.0,478.0,253.0,1.0
0.15,1.7,-80.0,747.0,370.0,1.0
0.15,1.7,-80.0,697.0,323.0,1.0
0.15,1.7,-80.0,520.0,321.0,1.0
0.15,1.7,-80.0,687.0,192.0,1.0
0.15,1.7,-80.0,858.0,325.0,1.0
0.15,1.7,-80.0,1047.0,201.0,1.0
0.15,1.7,-80.0,653.0,360.0,1.0
0.15,1.7,-80.0,650.0,290.0,1.0
0.15,1.8,-80.0,892.0,202.0,1.0
0.15,1.8,-80.0,798.0,289.0,1.0
0.15,1.8,-80.0,887.0,351.0,1.0
0.15,1.8,-80.0,669.0,346.0,1.0
0.15,1.8,-80.0,790.0,291.0,1.0
0.15,1.8,-80.0,809.0,237.0,1.0
0.15,1.8,-80.0,719.0,264.0,1.0
0.15,1.8,-80.0,898.0,290.0,1.0
0.15,1.8,-80.0,692.0,250.0,1.0
0.15,1.8,-80.0,908.0,201.0,1.0
0.15,1.8,-80.0,675.0,370.0,1.0
0.15,1.8,-80.0,854.0,330.0,1.0
0.15,1.8,-80.0,1054.0,238.0,1.0
0.15,1.8,-80.0,954.0,368.0,1.0
0.15,1.8,-80.0,821.0,200.0,1.0
0.15,1.8,-80.0,1024.0,307.0,1.0
0.15,1.8,-80.0,979.0,324.0,1.0
0.15,1.8,-80.0,1443.0,128.0,1.0
0.15,1.8,-80.0,979.0,232.0,1.0
0.15,1.8,-80.0,721.0,362.0,1.0
0.15,1.9,-80.0,1264.0,222.0,1.0
0.15,1.9,-80.0,1093.0,262.0,1.0
0.15,1.9,-80.0,823.0,410.0,1.0
0.15,1.9,-80.0,843.0,473.0,1.0
0.15,1.9,-80.0,862.0,406.0,1.0
0.15,1.9,-80.0,903.0,318.0,1.0
0.15,1.9,-80.0,865.0,378.0,1.0
0.15,1.9,-80.0,1635.0,100.0,1.0
0.15,1.9,-80.0,918.0,387.0,1.0
0.15,1.9,-80.0,974.0,436.0,1.0
0.15,1.9,-80.0,1049.0,510.0,1.0
0.15,1.9,-80.0,957.0,326.0,1.0
0.15,1.9,-80.0,1198.0,296.0,1.0
0.15,1.9,-80.0,961.0,310.0,1.0
0.15,1.9,-80.0,765.0,344.0,1.0
0.15,1.9,-80.0,1147.0,248.0,1.0
0.15,1.9,-80.0,681.0,435.0,1.0
0.15,1.9,-80.0,923.0,411.0,1.0
0.15,1.9,-80.0,1043.0,352.0,1.0
0.15,1.9,-80.0,1029.0,386.0,1.0
0.15,2.0,-80.0,903.0,418.0,1.0
0.15,2.0,-80.0,854.0,396.0,1.0
0.15,2.0,-80.0,1809.0,26.0,1.0
0.15,2.0,-80.0,934.0,403.0,1.0
0.15,2.0,-80.0,943.0,403.0,1.0
0.15,2.0,-80.0,2061.0,31.0,1.0
0.15,2.0,-80.0,1122.0,480.0,1.0
0.15,2.0,-80.0,1022.0,334.0,1.0
0.15,2.0,-80.0,1034.0,503.0,1.0
0.15,2.0,-80.0,885.0,470.0,1.0
0.15,2.0,-80.0,1045.0,352.0,1.0
0.15,2.0,-80.0,1143.0,291.0,1.0
0.15,2.0,-80.0,855.0,370.0,1.0
0.15,2.0,-80.0,831.0,529.0,1.0
0.15,2.0,-80.0,977.0,387.0,1.0
0.15,2.0,-80.0,1063.0,409.0,1.0
0.15,2.0,-80.0,1391.0,241.0,1.0
0.15,2.0,-80.0,822.0,362.0,1.0
0.15,2.0,-80.0,954.0,376.0,1.0
0.15,2.0,-80.0,1029.0,488.0,1.0
0.15,2.1,-80.0,991.0,462.0,1.0
0.15,2.1,-80.0,1032.0,509.0,1.0
0.15,2.1,-80.0,980.0,530.0,1.0
0.15,2.1,-80.0,978.0,525.0,1.0
0.15,2.1,-80.0,999.0,410.0,1.0
0.15,2.1,-80.0,1839.0,125.0,1.0
0.15,2.1,-80.0,1044.0,467.0,1.0
0.15,2.1,-80.0,954.0,426.0,1.0
0.15,2.1,-80.0,953.0,547.0,1.0
0.15,2.1,-80.0,939.0,487.0,1.0
0.15,2.1,-80.0,1768.0,106.0,1.0
0.15,2.1,-80.0,890.0,472.0,1.0
0.15,2.1,-80.0,889.0,541.0,1.0
0.15,2.1,-80.0,2068.0,36.0,1.0
0.15,2.1,-80.0,959.0,660.0,1.0
0.15,2.1,-80.0,1095.0,389.0,1.0
0.15,2.1,-80.0,1022.0,464.0,1.0
0.15,2.1,-80.0,956.0,347.0,1.0
0.15,2.1,-80.0,1243.0,318.0,1.0
0.15,2.1,-80.0,994.0,374.0,1.0
0.15,2.2,-80.0,1167.0,466.0,1.0
0.15,2.2,-80.0,1084.0,585.0,1.0
0.15,2.2,-80.0,1080.0,532.0,1.0
0.15,2.2,-80.0,1061.0,507.0,1.0
0.15,2.2,-80.0,910.0,503.0,1.0
0.15,2.2,-80.0,1050.0,491.0,1.0
0.15,2.2,-80.0,999.0,533.0,1.0
0.15,2.2,-80.0,1024.0,678.0,1.0
0.15,2.2,-80.0,1039.0,515.0,1.0
0.15,2.2,-80.0,1103.0,484.0,1.0
0.15,2.2,-80.0,1222.0,434.0,1.0
0.15,2.2,-80.0,1068.0,581.0,1.0
0.15,2.2,-80.0,1148.0,404.0,1.0
0.15,2.2,-80.0,1019.0,405.0,1.0
0.15,2.2,-80.0,1010.0,538.0,1.0
0.15,2.2,-80.0,1034.0,546.0,1.0
0.15,2.2,-80.0,1037.0,487.0,1.0
0.15,2.2,-80.0,1089.0,440.0,1.0
0.15,2.2,-80.0,1120.0,592.0,1.0
0.15,2.2,-80.0,1022.0,480.0,1.0
0.15,2.3,-80.0,1254.0,430.0,1.0
0.15,2.3,-80.0,992.0,539.0,1.0
0.15,2.3,-80.0,989.0,655.0,1.0
0.15,2.3,-80.0,1062.0,570.0,1.0
0.15,2.3,-80.0,905.0,724.0,1.0
0.15,2.3,-80.0,859.0,745.0,1.0
0.15,2.3,-80.0,1047.0,557.0,1.0
0.15,2.3,-80.0,1008.0,498.0,1.0
0.15,2.3,-80.0,1429.0,492.0,1.0
0.15,2.3,-80.0,936.0,727.0,1.0
0.15,2.3,-80.0,1017.0,793.0,1.0
0.15,2.3,-80.0,971.0,680.0,1.0
0.15,2.3,-80.0,991.0,652.0,1.0
0.15,2.3,-80.0,1481.0,470.0,1.0
0.15,2.3,-80.0,969.0,636.0,1.0
0.15,2.3,-80.0,1119.0,640.0,1.0
0.15,2.3,-80.0,1050.0,545.0,1.0
0.15,2.3,-80.0,1269.0,528.0,1.0
0.15,2.3,-80.0,956.0,723.0,1.0
0.15,2.3,-80.0,1050.0,604.0,1.0
0.15,2.4,-80.0,991.0,920.0,1.0
0.15,2.4,-80.0,1097.0,601.0,1.0
0.15,2.4,-80.0,1717.0,355.0,1.0
0.15,2.4,-80.0,1055.0,596.0,1.0
0.15,2.4,-80.0,1092.0,672.0,1.0
0.15,2.4,-80.0,1150.0,638.0,1.0
0.15,2.4,-80.0,1064.0,651.0,1.0
0.15,2.4,-80.0,1064.0,674.0,1.0
0.15,2.4,-80.0,1144.0,631.0,1.0
0.15,2.4,-80.0,1165.0,523.0,1.0
0.15,2.4,-80.0,1630.0,440.0,1.0
0.15,2.4,-80.0,1061.0,601.0,1.0
0.15,2.4,-80.0,1094.0,660.0,1.0
0.15,2.4,-80.0,1160.0,605.0,1.0
0.15,2.4,-80.0,1075.0,676.0,1.0
0.15,2.4,-80.0,1070.0,535.0,1.0
0.15,2.4,-80.0,1159.0,709.0,1.0
0.15,2.4,-80.0,1064.0,592.0,1.0
0.15,2.4,-80.0,1116.0,691.0,1.0
0.15,2.4,-80.0,1115.0,672.0,1.0
0.15,2.5,-80.0,1191.0,713.0,1.0
0.15,2.5,-80.0,1192.0,734.0,1.0
0.15,2.5,-80.0,1139.0,634.0,1.0
0.15,2.5,-80.0,1244.0,731.0,1.0
0.15,2.5,-80.0,1063.0,759.0,1.0
0.15,2.5,-80.0,1130.0,647.0,1.0
0.15,2.5,-80.0,1009.0,890.0,1.0
0.15,2.5,-80.0,1242.0,644.0,1.0
0.15,2.5,-80.0,1161.0,759.0,1.0
0.15,2.5,-80.0,1106.0,778.0,1.0
0.15,2.5,-80.0,1161.0,785.0,1.0
0.15,2.5,-80.0,955.0,783.0,1.0
0.15,2.5,-80.0,1141.0,633.0,1.0
0.15,2.5,-80.0,1176.0,641.0,1.0
0.15,2.5,-80.0,1173.0,616.0,1.0
0.15,2.5,-80.0,1282.0,590.0,1.0
0.15,2.5,-80.0,1051.0,678.0,1.0
0.15,2.5,-80.0,1075.0,688.0,1.0
0.15,2.5,-80.0,997.0,603.0,1.0
0.15,2.5,-80.0,1151.0,740.0,1.0
0.15,2.6,-80.0,1215.0,625.0,1.0
0.15,2.6,-80.0,1261.0,807.0,1.0
0.15,2.6,-80.0,1061.0,986.0,1.0
0.15,2.6,-80.0,1043.0,692.0,1.0
0.15,2.6,-80.0,1193.0,703.0,1.0
0.15,2.6,-80.0,992.0,776.0,1.0
0.15,2.6,-80.0,1331.0,841.0,1.0
0.15,2.6,-80.0,1159.0,685.0,1.0
0.15,2.6,-80.0,1381.0,655.0,1.0
0.15,2.6,-80.0,1316.0,729.0,1.0
0.15,2.6,-80.0,991.0,806.0,1.0
0.15,2.6,-80.0,1146.0,794.0,1.0
0.15,2.6,-80.0,1168.0,916.0,1.0
0.15,2.6,-80.0,1103.0,716.0,1.0
0.15,2.6,-80.0,1122.0,641.0,1.0
0.15,2.6,-80.0,1073.0,788.0,1.0
0.15,2.6,-80.0,1249.0,667.0,1.0
0.15,2.6,-80.0,1143.0,757.0,1.0
0.15,2.6,-80.0,1137.0,694.0,1.0
0.15,2.6,-80.0,1086.0,729.0,1.0
