Psens,RI,att,c,inATT,minNodeActivity,rrp2rest,sens,sensG,sensNode,sensSG,surviveTime
0.5,0.1,0.3,0.01,14.0,0.0,14.0,0.0,0.0,0.0,0.0,6.0
0.5,0.1,0.3,0.01,10.0,0.0,10.0,0.0,0.0,0.0,0.0,6.0
0.5,0.1,0.3,0.01,14.0,0.0,14.0,0.0,0.0,0.0,0.0,6.0
0.5,0.1,0.3,0.01,10.0,0.0,10.0,0.0,0.0,0.0,0.0,6.0
0.5,0.1,0.3,0.01,11.0,0.0,11.0,0.0,0.0,0.0,0.0,6.0
0.5,0.1,0.5,0.01,237.0,0.0,189.0,8.0,33.0,233.0,52.0,50.0
0.5,0.1,0.5,0.01,7.0,0.0,7.0,1.0,2.0,0.0,0.0,6.0
0.5,0.1,0.5,0.01,158.0,0.0,136.0,7.0,22.0,158.0,32.0,37.0
0.5,0.1,0.5,0.01,105.0,0.0,91.0,2.0,10.0,98.0,15.0,17.0
0.5,0.1,0.5,0.01,18.0,0.0,18.0,1.0,5.0,10.0,4.0,13.0
0.5,0.1,0.7,0.01,14.0,0.0,14.0,0.0,0.0,0.0,0.0,6.0
0.5,0.1,0.7,0.01,16.0,0.0,16.0,0.0,0.0,0.0,0.0,6.0
0.5,0.1,0.7,0.01,20.0,0.0,20.0,1.0,2.0,6.0,2.0,13.0
0.5,0.1,0.7,0.01,11.0,0.0,11.0,0.0,0.0,0.0,0.0,6.0
0.5,0.1,0.7,0.01,14.0,0.0,14.0,0.0,0.0,0.0,0.0,6.0
0.5,0.1,0.9,0.01,40.0,0.0,40.0,1.0,3.0,34.0,5.0,13.0
0.5,0.1,0.9,0.01,68.0,0.0,65.0,3.0,10.0,58.0,15.0,21.0
0.5,0.1,0.9,0.01,47.0,0.0,46.0,2.0,7.0,42.0,9.0,17.0
0.5,0.1,0.9,0.01,14.0,0.0,14.0,0.0,0.0,0.0,0.0,6.0
0.5,0.1,0.9,0.01,69.0,0.0,67.0,4.0,15.0,55.0,14.0,33.0
0.5,0.1,0.3,0.05,13.0,0.0,13.0,0.0,0.0,0.0,0.0,6.0
0.5,0.1,0.3,0.05,30.0,0.0,30.0,1.0,3.0,19.0,5.0,13.0
0.5,0.1,0.3,0.05,223.0,0.0,166.0,8.0,37.0,218.0,51.0,50.0
0.5,0.1,0.3,0.05,10.0,0.0,10.0,0.0,0.0,0.0,0.0,6.0
0.5,0.1,0.3,0.05,13.0,0.0,13.0,0.0,0.0,0.0,0.0,6.0
0.5,0.1,0.5,0.05,13.0,0.0,13.0,0.0,0.0,0.0,0.0,6.0
0.5,0.1,0.5,0.05,8.0,0.0,8.0,0.0,0.0,0.0,0.0,6.0
0.5,0.1,0.5,0.05,90.0,0.0,90.0,2.0,10.0,78.0,15.0,21.0
0.5,0.1,0.5,0.05,57.0,0.0,48.0,2.0,5.0,49.0,8.0,18.0
0.5,0.1,0.5,0.05,193.0,0.0,164.0,5.0,18.0,186.0,35.0,29.0
0.5,0.1,0.7,0.05,514.0,0.0,348.0,10.0,49.0,502.0,92.0,50.0
0.5,0.1,0.7,0.05,9.0,0.0,9.0,0.0,0.0,0.0,0.0,6.0
0.5,0.1,0.7,0.05,11.0,0.0,11.0,0.0,0.0,0.0,0.0,6.0
0.5,0.1,0.7,0.05,79.0,0.0,70.0,2.0,9.0,72.0,13.0,17.0
0.5,0.1,0.7,0.05,335.0,0.0,272.0,9.0,38.0,335.0,69.0,50.0
0.5,0.1,0.9,0.05,105.0,0.0,105.0,2.0,9.0,95.0,19.0,25.0
0.5,0.1,0.9,0.05,11.0,0.0,11.0,0.0,0.0,0.0,0.0,6.0
0.5,0.1,0.9,0.05,346.0,0.0,260.0,10.0,42.0,342.0,69.0,50.0
0.5,0.1,0.9,0.05,13.0,0.0,13.0,0.0,0.0,0.0,0.0,6.0
0.5,0.1,0.9,0.05,23.0,0.0,23.0,1.0,2.0,12.0,2.0,13.0
0.5,0.1,0.3,0.1,11.0,0.0,11.0,0.0,0.0,0.0,0.0,6.0
0.5,0.1,0.3,0.1,9.0,0.0,9.0,0.0,0.0,0.0,0.0,6.0
0.5,0.1,0.3,0.1,30.0,0.0,30.0,1.0,5.0,16.0,6.0,17.0
0.5,0.1,0.3,0.1,133.0,0.0,107.0,2.0,8.0,77.0,15.0,21.0
0.5,0.1,0.3,0.1,436.0,0.0,308.0,8.0,36.0,305.0,62.0,50.0
0.5,0.1,0.5,0.1,145.0,0.0,125.0,2.0,12.0,92.0,19.0,29.0
0.5,0.1,0.5,0.1,9.0,0.0,9.0,0.0,0.0,0.0,0.0,6.0
0.5,0.1,0.5,0.1,10.0,0.0,10.0,0.0,0.0,0.0,0.0,6.0
0.5,0.1,0.5,0.1,8.0,0.0,8.0,0.0,0.0,0.0,0.0,6.0
0.5,0.1,0.5,0.1,12.0,0.0,12.0,0.0,0.0,0.0,0.0,6.0
0.5,0.1,0.7,0.1,16.0,0.0,16.0,0.0,0.0,0.0,0.0,6.0
0.5,0.1,0.7,0.1,13.0,0.0,13.0,0.0,0.0,0.0,0.0,6.0
0.5,0.1,0.7,0.1,366.0,0.0,266.0,6.0,27.0,246.0,44.0,50.0
0.5,0.1,0.7,0.1,10.0,0.0,10.0,0.0,0.0,0.0,0.0,6.0
0.5,0.1,0.7,0.1,8.0,0.0,8.0,0.0,0.0,0.0,0.0,6.0
0.5,0.1,0.9,0.1,6.0,0.0,6.0,0.0,0.0,0.0,0.0,6.0
0.5,0.1,0.9,0.1,413.0,0.0,256.0,6.0,26.0,273.0,54.0,50.0
0.5,0.1,0.9,0.1,10.0,0.0,10.0,0.0,0.0,0.0,0.0,6.0
0.5,0.1,0.9,0.1,623.0,0.0,341.0,7.0,30.0,343.0,65.0,50.0
0.5,0.1,0.9,0.1,248.0,0.0,208.0,7.0,24.0,171.0,37.0,49.0
0.5,0.1,0.3,0.15,392.0,0.0,232.0,5.0,20.0,144.0,29.0,50.0
0.5,0.1,0.3,0.15,11.0,0.0,11.0,0.0,0.0,0.0,0.0,6.0
0.5,0.1,0.3,0.15,446.0,0.0,275.0,5.0,19.0,170.0,30.0,50.0
0.5,0.1,0.3,0.15,547.0,0.0,378.0,8.0,39.0,267.0,56.0,50.0
0.5,0.1,0.3,0.15,792.0,0.0,510.0,8.0,35.0,316.0,62.0,50.0
0.5,0.1,0.5,0.15,16.0,0.0,16.0,1.0,1.0,4.0,2.0,21.0
0.5,0.1,0.5,0.15,16.0,0.0,16.0,0.0,0.0,0.0,0.0,13.0
0.5,0.1,0.5,0.15,9.0,0.0,9.0,0.0,0.0,0.0,0.0,6.0
0.5,0.1,0.5,0.15,385.0,0.0,238.0,6.0,17.0,142.0,28.0,50.0
0.5,0.1,0.5,0.15,7.0,0.0,7.0,0.0,0.0,0.0,0.0,6.0
0.5,0.1,0.7,0.15,386.0,0.0,236.0,5.0,16.0,118.0,23.0,50.0
0.5,0.1,0.7,0.15,13.0,0.0,13.0,0.0,0.0,0.0,0.0,6.0
0.5,0.1,0.7,0.15,239.0,0.0,167.0,2.0,7.0,76.0,15.0,30.0
0.5,0.1,0.7,0.15,941.0,0.0,442.0,9.0,47.0,365.0,82.0,50.0
0.5,0.1,0.7,0.15,739.0,0.0,304.0,9.0,43.0,329.0,70.0,50.0
0.5,0.1,0.9,0.15,9.0,0.0,9.0,0.0,0.0,0.0,0.0,6.0
0.5,0.1,0.9,0.15,11.0,0.0,11.0,0.0,0.0,0.0,0.0,6.0
0.5,0.1,0.9,0.15,584.0,0.0,225.0,4.0,13.0,116.0,22.0,50.0
0.5,0.1,0.9,0.15,1245.0,0.0,335.0,7.0,28.0,236.0,49.0,50.0
0.5,0.1,0.9,0.15,9.0,0.0,9.0,0.0,0.0,0.0,0.0,6.0
0.5,0.1,0.3,0.2,1086.0,0.0,536.0,5.0,24.0,193.0,38.0,50.0
0.5,0.1,0.3,0.2,7.0,0.0,7.0,0.0,0.0,0.0,0.0,6.0
0.5,0.1,0.3,0.2,1244.0,0.0,612.0,6.0,20.0,199.0,35.0,50.0
0.5,0.1,0.3,0.2,1106.0,0.0,590.0,6.0,27.0,175.0,40.0,50.0
0.5,0.1,0.3,0.2,1291.0,0.0,670.0,9.0,38.0,251.0,51.0,50.0
0.5,0.1,0.5,0.2,1398.0,0.0,608.0,5.0,25.0,214.0,45.0,50.0
0.5,0.1,0.5,0.2,1333.0,0.0,525.0,9.0,42.0,357.0,69.0,50.0
0.5,0.1,0.5,0.2,905.0,0.0,440.0,5.0,23.0,219.0,41.0,50.0
0.5,0.1,0.5,0.2,990.0,0.0,448.0,5.0,18.0,160.0,34.0,50.0
0.5,0.1,0.5,0.2,1416.0,0.0,645.0,9.0,29.0,296.0,52.0,50.0
0.5,0.1,0.7,0.2,1594.0,0.0,464.0,6.0,29.0,245.0,47.0,50.0
0.5,0.1,0.7,0.2,1048.0,0.0,348.0,7.0,30.0,271.0,54.0,50.0
0.5,0.1,0.7,0.2,980.0,0.0,452.0,7.0,29.0,255.0,49.0,50.0
0.5,0.1,0.7,0.2,15.0,0.0,15.0,0.0,0.0,0.0,0.0,13.0
0.5,0.1,0.7,0.2,1842.0,0.0,487.0,10.0,42.0,372.0,74.0,50.0
0.5,0.1,0.9,0.2,1348.0,0.0,212.0,6.0,25.0,180.0,42.0,50.0
0.5,0.1,0.9,0.2,1823.0,0.0,293.0,7.0,23.0,170.0,35.0,50.0
0.5,0.1,0.9,0.2,9.0,0.0,9.0,0.0,0.0,0.0,0.0,13.0
0.5,0.1,0.9,0.2,1366.0,0.0,251.0,7.0,25.0,174.0,35.0,50.0
0.5,0.1,0.9,0.2,1668.0,0.0,219.0,2.0,10.0,96.0,19.0,50.0
0.5,0.1,0.3,0.25,1424.0,0.0,637.0,6.0,22.0,192.0,37.0,50.0
0.5,0.1,0.3,0.25,1426.0,0.0,633.0,6.0,24.0,217.0,41.0,50.0
0.5,0.1,0.3,0.25,757.0,0.0,414.0,5.0,16.0,84.0,16.0,50.0
0.5,0.1,0.3,0.25,1683.0,0.0,696.0,6.0,31.0,275.0,55.0,50.0
0.5,0.1,0.3,0.25,1596.0,0.0,736.0,7.0,33.0,254.0,46.0,50.0
0.5,0.1,0.5,0.25,1646.0,0.0,478.0,6.0,23.0,223.0,44.0,50.0
0.5,0.1,0.5,0.25,1581.0,0.0,589.0,4.0,14.0,153.0,25.0,50.0
0.5,0.1,0.5,0.25,1418.0,0.0,508.0,8.0,30.0,197.0,46.0,50.0
0.5,0.1,0.5,0.25,8.0,0.0,8.0,0.0,0.0,0.0,0.0,6.0
0.5,0.1,0.5,0.25,1909.0,0.0,666.0,7.0,33.0,264.0,56.0,50.0
0.5,0.1,0.7,0.25,2279.0,0.0,368.0,9.0,37.0,235.0,50.0,50.0
0.5,0.1,0.7,0.25,1868.0,0.0,487.0,6.0,27.0,189.0,41.0,50.0
0.5,0.1,0.7,0.25,2047.0,0.0,449.0,9.0,31.0,250.0,50.0,50.0
0.5,0.1,0.7,0.25,1540.0,0.0,366.0,4.0,18.0,129.0,26.0,50.0
0.5,0.1,0.7,0.25,2392.0,0.0,445.0,6.0,32.0,224.0,51.0,50.0
0.5,0.1,0.9,0.25,2425.0,0.0,135.0,6.0,27.0,256.0,51.0,50.0
0.5,0.1,0.9,0.25,17.0,0.0,17.0,0.0,0.0,0.0,0.0,13.0
0.5,0.1,0.9,0.25,2396.0,0.0,198.0,7.0,26.0,179.0,40.0,50.0
0.5,0.1,0.9,0.25,2314.0,0.0,208.0,7.0,29.0,217.0,47.0,50.0
0.5,0.1,0.9,0.25,2237.0,0.0,209.0,5.0,19.0,101.0,24.0,50.0
0.5,0.1,0.3,0.3,1891.0,0.0,705.0,7.0,31.0,261.0,50.0,50.0
0.5,0.1,0.3,0.3,1920.0,0.0,843.0,4.0,18.0,134.0,26.0,50.0
0.5,0.1,0.3,0.3,1302.0,0.0,515.0,6.0,20.0,164.0,27.0,50.0
0.5,0.1,0.3,0.3,1810.0,0.0,748.0,6.0,28.0,250.0,46.0,50.0
0.5,0.1,0.3,0.3,1954.0,0.0,806.0,6.0,19.0,184.0,34.0,50.0
0.5,0.1,0.5,0.3,2206.0,0.0,539.0,5.0,20.0,171.0,34.0,50.0
0.5,0.1,0.5,0.3,2023.0,0.0,602.0,5.0,23.0,181.0,38.0,50.0
0.5,0.1,0.5,0.3,1857.0,0.0,598.0,5.0,19.0,150.0,32.0,50.0
0.5,0.1,0.5,0.3,1704.0,0.0,529.0,8.0,33.0,215.0,48.0,50.0
0.5,0.1,0.5,0.3,1977.0,0.0,590.0,6.0,23.0,199.0,40.0,50.0
0.5,0.1,0.7,0.3,2323.0,0.0,330.0,7.0,40.0,343.0,69.0,50.0
0.5,0.1,0.7,0.3,2415.0,0.0,332.0,5.0,13.0,121.0,23.0,50.0
0.5,0.1,0.7,0.3,2583.0,0.0,448.0,5.0,25.0,236.0,44.0,50.0
0.5,0.1,0.7,0.3,2268.0,0.0,432.0,4.0,13.0,152.0,28.0,50.0
0.5,0.1,0.7,0.3,2210.0,0.0,393.0,4.0,11.0,116.0,20.0,50.0
0.5,0.1,0.9,0.3,3060.0,0.0,87.0,5.0,20.0,196.0,38.0,50.0
0.5,0.1,0.9,0.3,2789.0,0.0,188.0,7.0,31.0,220.0,48.0,50.0
0.5,0.1,0.9,0.3,2926.0,0.0,152.0,5.0,13.0,130.0,26.0,50.0
0.5,0.1,0.9,0.3,2838.0,0.0,202.0,9.0,36.0,287.0,60.0,50.0
0.5,0.1,0.9,0.3,2952.0,0.0,222.0,7.0,30.0,229.0,44.0,50.0
0.5,0.1,0.3,0.35,6.0,0.0,6.0,0.0,0.0,0.0,0.0,13.0
0.5,0.1,0.3,0.35,2006.0,0.0,683.0,8.0,32.0,250.0,52.0,50.0
0.5,0.1,0.3,0.35,2183.0,0.0,784.0,7.0,33.0,300.0,58.0,50.0
0.5,0.1,0.3,0.35,2051.0,0.0,803.0,7.0,27.0,230.0,45.0,50.0
0.5,0.1,0.3,0.35,2070.0,0.0,777.0,5.0,22.0,181.0,35.0,50.0
0.5,0.1,0.5,0.35,2539.0,0.0,541.0,7.0,31.0,216.0,48.0,50.0
0.5,0.1,0.5,0.35,2384.0,0.0,599.0,6.0,26.0,139.0,33.0,50.0
0.5,0.1,0.5,0.35,1784.0,0.0,402.0,3.0,5.0,74.0,11.0,50.0
0.5,0.1,0.5,0.35,2485.0,0.0,609.0,4.0,19.0,129.0,23.0,50.0
0.5,0.1,0.5,0.35,2396.0,0.0,579.0,6.0,26.0,191.0,35.0,50.0
0.5,0.1,0.7,0.35,2956.0,0.0,249.0,5.0,21.0,152.0,31.0,50.0
0.5,0.1,0.7,0.35,2480.0,0.0,385.0,6.0,28.0,220.0,49.0,50.0
0.5,0.1,0.7,0.35,2412.0,0.0,337.0,5.0,16.0,104.0,24.0,50.0
0.5,0.1,0.7,0.35,2494.0,0.0,312.0,6.0,21.0,163.0,37.0,50.0
0.5,0.1,0.7,0.35,2906.0,0.0,364.0,3.0,9.0,68.0,16.0,50.0
0.5,0.1,0.9,0.35,3547.0,0.0,66.0,6.0,23.0,189.0,34.0,50.0
0.5,0.1,0.9,0.35,3246.0,0.0,145.0,6.0,26.0,182.0,37.0,50.0
0.5,0.1,0.9,0.35,3239.0,0.0,163.0,4.0,19.0,123.0,30.0,50.0
0.5,0.1,0.9,0.35,3054.0,0.0,116.0,4.0,21.0,167.0,35.0,50.0
0.5,0.1,0.9,0.35,3352.0,0.0,171.0,5.0,23.0,160.0,34.0,50.0
0.5,0.1,0.3,0.4,2199.0,0.0,700.0,9.0,24.0,249.0,49.0,50.0
0.5,0.1,0.3,0.4,2131.0,0.0,807.0,7.0,31.0,281.0,45.0,50.0
0.5,0.1,0.3,0.4,2296.0,0.0,798.0,6.0,27.0,176.0,41.0,50.0
0.5,0.1,0.3,0.4,2296.0,0.0,773.0,8.0,38.0,322.0,64.0,50.0
0.5,0.1,0.3,0.4,2177.0,0.0,875.0,2.0,10.0,77.0,15.0,50.0
0.5,0.1,0.5,0.4,2751.0,0.0,542.0,5.0,15.0,103.0,27.0,50.0
0.5,0.1,0.5,0.4,2634.0,0.0,583.0,4.0,22.0,170.0,36.0,50.0
0.5,0.1,0.5,0.4,2659.0,0.0,518.0,3.0,15.0,83.0,16.0,50.0
0.5,0.1,0.5,0.4,2610.0,0.0,535.0,9.0,40.0,310.0,68.0,50.0
0.5,0.1,0.5,0.4,2656.0,0.0,523.0,8.0,35.0,256.0,57.0,50.0
0.5,0.1,0.7,0.4,2833.0,0.0,229.0,4.0,11.0,54.0,14.0,50.0
0.5,0.1,0.7,0.4,3103.0,0.0,306.0,4.0,16.0,103.0,24.0,50.0
0.5,0.1,0.7,0.4,3002.0,0.0,304.0,8.0,31.0,270.0,48.0,50.0
0.5,0.1,0.7,0.4,3157.0,0.0,334.0,5.0,19.0,91.0,20.0,50.0
0.5,0.1,0.7,0.4,2815.0,0.0,281.0,4.0,18.0,142.0,29.0,50.0
0.5,0.1,0.9,0.4,3592.0,0.0,65.0,7.0,23.0,231.0,42.0,50.0
0.5,0.1,0.9,0.4,3452.0,0.0,123.0,5.0,20.0,139.0,29.0,50.0
0.5,0.1,0.9,0.4,3487.0,0.0,186.0,6.0,29.0,262.0,58.0,50.0
0.5,0.1,0.9,0.4,3502.0,0.0,106.0,6.0,15.0,117.0,27.0,50.0
0.5,0.1,0.9,0.4,3427.0,0.0,119.0,3.0,15.0,85.0,18.0,50.0
0.5,0.1,0.3,0.45,2421.0,0.0,726.0,6.0,21.0,185.0,40.0,50.0
0.5,0.1,0.3,0.45,2440.0,0.0,856.0,6.0,25.0,189.0,41.0,50.0
0.5,0.1,0.3,0.45,2351.0,0.0,780.0,7.0,30.0,268.0,52.0,50.0
0.5,0.1,0.3,0.45,2422.0,0.0,808.0,8.0,32.0,262.0,46.0,50.0
0.5,0.1,0.3,0.45,2157.0,0.0,703.0,6.0,27.0,190.0,39.0,50.0
0.5,0.1,0.5,0.45,2918.0,0.0,473.0,6.0,26.0,207.0,42.0,50.0
0.5,0.1,0.5,0.45,2909.0,0.0,516.0,3.0,14.0,139.0,28.0,50.0
0.5,0.1,0.5,0.45,2263.0,0.0,440.0,2.0,6.0,27.0,7.0,50.0
0.5,0.1,0.5,0.45,2906.0,0.0,528.0,3.0,13.0,86.0,18.0,50.0
0.5,0.1,0.5,0.45,2796.0,0.0,556.0,5.0,13.0,39.0,12.0,50.0
0.5,0.1,0.7,0.45,3558.0,0.0,214.0,5.0,19.0,151.0,29.0,50.0
0.5,0.1,0.7,0.45,2531.0,0.0,241.0,4.0,14.0,135.0,23.0,50.0
0.5,0.1,0.7,0.45,3380.0,0.0,323.0,8.0,28.0,256.0,56.0,50.0
0.5,0.1,0.7,0.45,3427.0,0.0,252.0,5.0,21.0,168.0,35.0,50.0
0.5,0.1,0.7,0.45,3106.0,0.0,354.0,6.0,29.0,309.0,55.0,50.0
0.5,0.1,0.9,0.45,3951.0,4.0,39.0,5.0,22.0,171.0,35.0,50.0
0.5,0.1,0.9,0.45,3715.0,4.0,97.0,7.0,30.0,238.0,46.0,50.0
0.5,0.1,0.9,0.45,3772.0,4.0,89.0,3.0,14.0,108.0,22.0,50.0
0.5,0.1,0.9,0.45,3558.0,4.0,90.0,7.0,34.0,335.0,63.0,50.0
0.5,0.1,0.9,0.45,3655.0,4.0,103.0,7.0,20.0,148.0,30.0,50.0
0.5,0.1,0.3,0.5,2296.0,1.0,633.0,7.0,24.0,234.0,40.0,50.0
0.5,0.1,0.3,0.5,2344.0,1.0,773.0,4.0,17.0,133.0,26.0,50.0
0.5,0.1,0.3,0.5,2590.0,1.0,841.0,4.0,14.0,131.0,26.0,50.0
0.5,0.1,0.3,0.5,2452.0,1.0,875.0,5.0,24.0,157.0,36.0,50.0
0.5,0.1,0.3,0.5,2627.0,1.0,761.0,7.0,32.0,297.0,58.0,50.0
0.5,0.1,0.5,0.5,3154.0,2.0,435.0,5.0,22.0,135.0,32.0,50.0
0.5,0.1,0.5,0.5,2821.0,2.0,435.0,3.0,13.0,57.0,11.0,50.0
0.5,0.1,0.5,0.5,3009.0,2.0,525.0,7.0,32.0,276.0,52.0,50.0
0.5,0.1,0.5,0.5,3145.0,2.0,483.0,6.0,22.0,179.0,34.0,50.0
0.5,0.1,0.5,0.5,3186.0,2.0,499.0,7.0,26.0,218.0,44.0,50.0
0.5,0.1,0.7,0.5,3596.0,0.0,180.0,6.0,24.0,146.0,32.0,50.0
0.5,0.1,0.7,0.5,3467.0,0.0,254.0,7.0,24.0,178.0,39.0,50.0
0.5,0.1,0.7,0.5,3475.0,0.0,232.0,5.0,16.0,107.0,23.0,50.0
0.5,0.1,0.7,0.5,3603.0,0.0,209.0,7.0,23.0,177.0,36.0,50.0
0.5,0.1,0.7,0.5,3495.0,0.0,248.0,7.0,31.0,178.0,40.0,50.0
0.5,0.1,0.9,0.5,3942.0,2.0,40.0,5.0,18.0,151.0,30.0,50.0
0.5,0.1,0.9,0.5,3866.0,2.0,68.0,7.0,30.0,255.0,48.0,50.0
0.5,0.1,0.9,0.5,3797.0,2.0,79.0,7.0,32.0,365.0,62.0,50.0
0.5,0.1,0.9,0.5,3695.0,2.0,89.0,6.0,26.0,246.0,48.0,50.0
0.5,0.1,0.9,0.5,3879.0,2.0,72.0,6.0,20.0,193.0,38.0,50.0
0.5,0.2,0.3,0.01,193.0,0.0,172.0,5.0,22.0,179.0,39.0,37.0
0.5,0.2,0.3,0.01,25.0,0.0,25.0,0.0,0.0,0.0,0.0,6.0
0.5,0.2,0.3,0.01,15.0,0.0,15.0,0.0,0.0,0.0,0.0,6.0
0.5,0.2,0.3,0.01,26.0,0.0,26.0,0.0,0.0,0.0,0.0,6.0
0.5,0.2,0.3,0.01,21.0,0.0,21.0,0.0,0.0,0.0,0.0,6.0
0.5,0.2,0.5,0.01,18.0,0.0,18.0,0.0,0.0,0.0,0.0,6.0
0.5,0.2,0.5,0.01,28.0,0.0,28.0,0.0,0.0,0.0,0.0,6.0
0.5,0.2,0.5,0.01,175.0,0.0,164.0,4.0,18.0,159.0,32.0,33.0
0.5,0.2,0.5,0.01,21.0,0.0,21.0,0.0,0.0,0.0,0.0,6.0
0.5,0.2,0.5,0.01,24.0,0.0,24.0,0.0,0.0,0.0,0.0,6.0
0.5,0.2,0.7,0.01,61.0,0.0,60.0,2.0,7.0,37.0,7.0,17.0
0.5,0.2,0.7,0.01,21.0,0.0,21.0,0.0,0.0,0.0,0.0,6.0
0.5,0.2,0.7,0.01,20.0,0.0,20.0,0.0,0.0,0.0,0.0,6.0
0.5,0.2,0.7,0.01,131.0,0.0,94.0,5.0,13.0,117.0,21.0,29.0
0.5,0.2,0.7,0.01,177.0,0.0,151.0,4.0,17.0,159.0,31.0,33.0
0.5,0.2,0.9,0.01,51.0,0.0,51.0,1.0,6.0,31.0,6.0,13.0
0.5,0.2,0.9,0.01,66.0,0.0,64.0,2.0,6.0,46.0,9.0,17.0
0.5,0.2,0.9,0.01,24.0,0.0,24.0,0.0,0.0,0.0,0.0,6.0
0.5,0.2,0.9,0.01,130.0,0.0,121.0,4.0,20.0,122.0,28.0,33.0
0.5,0.2,0.9,0.01,98.0,0.0,93.0,2.0,8.0,72.0,16.0,17.0
0.5,0.2,0.3,0.05,75.0,0.0,65.0,2.0,10.0,59.0,13.0,17.0
0.5,0.2,0.3,0.05,23.0,0.0,23.0,0.0,0.0,0.0,0.0,6.0
0.5,0.2,0.3,0.05,54.0,0.0,50.0,2.0,7.0,32.0,7.0,17.0
0.5,0.2,0.3,0.05,18.0,0.0,18.0,0.0,0.0,0.0,0.0,6.0
0.5,0.2,0.3,0.05,23.0,0.0,23.0,0.0,0.0,0.0,0.0,6.0
0.5,0.2,0.5,0.05,17.0,0.0,17.0,0.0,0.0,0.0,0.0,6.0
0.5,0.2,0.5,0.05,18.0,0.0,18.0,0.0,0.0,0.0,0.0,6.0
0.5,0.2,0.5,0.05,16.0,0.0,16.0,0.0,0.0,0.0,0.0,6.0
0.5,0.2,0.5,0.05,18.0,0.0,18.0,0.0,0.0,0.0,0.0,6.0
0.5,0.2,0.5,0.05,21.0,0.0,21.0,0.0,0.0,0.0,0.0,6.0
0.5,0.2,0.7,0.05,15.0,0.0,15.0,0.0,0.0,0.0,0.0,6.0
0.5,0.2,0.7,0.05,146.0,0.0,128.0,4.0,18.0,136.0,30.0,29.0
0.5,0.2,0.7,0.05,25.0,0.0,25.0,0.0,0.0,0.0,0.0,6.0
0.5,0.2,0.7,0.05,356.0,0.0,267.0,9.0,32.0,333.0,60.0,50.0
0.5,0.2,0.7,0.05,28.0,0.0,28.0,0.0,0.0,0.0,0.0,6.0
0.5,0.2,0.9,0.05,69.0,0.0,69.0,1.0,2.0,43.0,8.0,14.0
0.5,0.2,0.9,0.05,26.0,0.0,26.0,0.0,0.0,0.0,0.0,6.0
0.5,0.2,0.9,0.05,262.0,0.0,219.0,9.0,36.0,254.0,57.0,50.0
0.5,0.2,0.9,0.05,23.0,0.0,23.0,0.0,0.0,0.0,0.0,6.0
0.5,0.2,0.9,0.05,22.0,0.0,22.0,0.0,0.0,0.0,0.0,6.0
0.5,0.2,0.3,0.1,358.0,0.0,255.0,8.0,35.0,251.0,53.0,50.0
0.5,0.2,0.3,0.1,195.0,0.0,167.0,3.0,12.0,106.0,21.0,41.0
0.5,0.2,0.3,0.1,98.0,0.0,93.0,4.0,11.0,76.0,15.0,33.0
0.5,0.2,0.3,0.1,23.0,0.0,23.0,0.0,0.0,0.0,0.0,6.0
0.5,0.2,0.3,0.1,120.0,0.0,104.0,1.0,5.0,73.0,13.0,21.0
0.5,0.2,0.5,0.1,19.0,0.0,19.0,0.0,0.0,0.0,0.0,6.0
0.5,0.2,0.5,0.1,63.0,0.0,63.0,2.0,6.0,38.0,9.0,25.0
0.5,0.2,0.5,0.1,13.0,0.0,13.0,0.0,0.0,0.0,0.0,6.0
0.5,0.2,0.5,0.1,29.0,0.0,29.0,0.0,0.0,0.0,0.0,6.0
0.5,0.2,0.5,0.1,288.0,0.0,234.0,8.0,28.0,191.0,38.0,50.0
0.5,0.2,0.7,0.1,304.0,0.0,245.0,7.0,30.0,195.0,44.0,45.0
0.5,0.2,0.7,0.1,23.0,0.0,23.0,0.0,0.0,0.0,0.0,6.0
0.5,0.2,0.7,0.1,30.0,0.0,30.0,1.0,1.0,4.0,2.0,13.0
0.5,0.2,0.7,0.1,21.0,0.0,21.0,0.0,0.0,0.0,0.0,6.0
0.5,0.2,0.7,0.1,407.0,0.0,298.0,8.0,34.0,252.0,56.0,50.0
0.5,0.2,0.9,0.1,243.0,0.0,189.0,4.0,20.0,146.0,29.0,37.0
0.5,0.2,0.9,0.1,30.0,0.0,30.0,0.0,0.0,0.0,0.0,13.0
0.5,0.2,0.9,0.1,58.0,0.0,56.0,1.0,2.0,23.0,4.0,25.0
0.5,0.2,0.9,0.1,21.0,0.0,21.0,0.0,0.0,0.0,0.0,6.0
0.5,0.2,0.9,0.1,19.0,0.0,19.0,0.0,0.0,0.0,0.0,13.0
0.5,0.2,0.3,0.15,283.0,0.0,219.0,6.0,14.0,85.0,18.0,50.0
0.5,0.2,0.3,0.15,417.0,0.0,271.0,3.0,12.0,133.0,23.0,50.0
0.5,0.2,0.3,0.15,196.0,0.0,161.0,1.0,10.0,65.0,14.0,41.0
0.5,0.2,0.3,0.15,786.0,0.0,479.0,7.0,35.0,299.0,53.0,50.0
0.5,0.2,0.3,0.15,252.0,0.0,199.0,4.0,16.0,101.0,23.0,45.0
0.5,0.2,0.5,0.15,837.0,0.0,453.0,6.0,36.0,262.0,57.0,50.0
0.5,0.2,0.5,0.15,135.0,0.0,110.0,2.0,6.0,41.0,6.0,29.0
0.5,0.2,0.5,0.15,752.0,0.0,406.0,9.0,43.0,338.0,66.0,50.0
0.5,0.2,0.5,0.15,920.0,0.0,396.0,10.0,46.0,407.0,84.0,50.0
0.5,0.2,0.5,0.15,15.0,0.0,15.0,0.0,0.0,0.0,0.0,13.0
0.5,0.2,0.7,0.15,468.0,0.0,258.0,5.0,18.0,142.0,30.0,50.0
0.5,0.2,0.7,0.15,990.0,0.0,445.0,7.0,29.0,280.0,55.0,50.0
0.5,0.2,0.7,0.15,583.0,0.0,340.0,6.0,27.0,262.0,48.0,50.0
0.5,0.2,0.7,0.15,615.0,0.0,302.0,7.0,31.0,219.0,43.0,50.0
0.5,0.2,0.7,0.15,24.0,0.0,24.0,0.0,0.0,0.0,0.0,13.0
0.5,0.2,0.9,0.15,1136.0,0.0,328.0,7.0,31.0,202.0,44.0,50.0
0.5,0.2,0.9,0.15,320.0,0.0,171.0,7.0,26.0,115.0,26.0,50.0
0.5,0.2,0.9,0.15,646.0,0.0,275.0,6.0,23.0,161.0,35.0,50.0
0.5,0.2,0.9,0.15,1167.0,0.0,244.0,8.0,33.0,254.0,53.0,50.0
0.5,0.2,0.9,0.15,649.0,0.0,354.0,6.0,31.0,249.0,48.0,50.0
0.5,0.2,0.3,0.2,766.0,0.0,377.0,4.0,19.0,135.0,28.0,50.0
0.5,0.2,0.3,0.2,640.0,0.0,372.0,4.0,18.0,122.0,28.0,50.0
0.5,0.2,0.3,0.2,1168.0,0.0,547.0,6.0,24.0,181.0,36.0,50.0
0.5,0.2,0.3,0.2,959.0,0.0,527.0,4.0,17.0,126.0,24.0,50.0
0.5,0.2,0.3,0.2,1244.0,0.0,658.0,5.0,18.0,161.0,33.0,50.0
0.5,0.2,0.5,0.2,1450.0,0.0,591.0,7.0,32.0,254.0,53.0,50.0
0.5,0.2,0.5,0.2,101.0,0.0,80.0,1.0,3.0,15.0,3.0,29.0
0.5,0.2,0.5,0.2,1447.0,0.0,618.0,9.0,38.0,293.0,60.0,50.0
0.5,0.2,0.5,0.2,723.0,0.0,373.0,3.0,11.0,107.0,19.0,50.0
0.5,0.2,0.5,0.2,1395.0,0.0,566.0,7.0,31.0,301.0,52.0,50.0
0.5,0.2,0.7,0.2,1272.0,0.0,425.0,4.0,11.0,75.0,14.0,50.0
0.5,0.2,0.7,0.2,1153.0,0.0,413.0,7.0,25.0,215.0,38.0,50.0
0.5,0.2,0.7,0.2,1297.0,0.0,473.0,4.0,21.0,190.0,33.0,50.0
0.5,0.2,0.7,0.2,1333.0,0.0,482.0,6.0,19.0,201.0,33.0,50.0
0.5,0.2,0.7,0.2,1588.0,0.0,560.0,6.0,23.0,193.0,34.0,50.0
0.5,0.2,0.9,0.2,1979.0,0.0,226.0,6.0,22.0,177.0,36.0,50.0
0.5,0.2,0.9,0.2,1839.0,0.0,309.0,8.0,29.0,239.0,48.0,50.0
0.5,0.2,0.9,0.2,2050.0,0.0,327.0,6.0,27.0,210.0,40.0,50.0
0.5,0.2,0.9,0.2,1763.0,0.0,285.0,7.0,25.0,146.0,37.0,50.0
0.5,0.2,0.9,0.2,986.0,0.0,321.0,7.0,23.0,191.0,39.0,50.0
0.5,0.2,0.3,0.25,1587.0,0.0,692.0,7.0,23.0,130.0,34.0,50.0
0.5,0.2,0.3,0.25,1748.0,0.0,819.0,6.0,27.0,229.0,44.0,50.0
0.5,0.2,0.3,0.25,1476.0,0.0,675.0,7.0,28.0,163.0,41.0,50.0
0.5,0.2,0.3,0.25,1473.0,0.0,688.0,5.0,26.0,219.0,47.0,50.0
0.5,0.2,0.3,0.25,1519.0,0.0,658.0,6.0,30.0,203.0,45.0,50.0
0.5,0.2,0.5,0.25,1958.0,0.0,653.0,9.0,37.0,238.0,51.0,50.0
0.5,0.2,0.5,0.25,1823.0,0.0,703.0,5.0,25.0,233.0,45.0,50.0
0.5,0.2,0.5,0.25,1687.0,0.0,606.0,6.0,24.0,189.0,38.0,50.0
0.5,0.2,0.5,0.25,1197.0,0.0,465.0,4.0,13.0,53.0,12.0,50.0
0.5,0.2,0.5,0.25,1652.0,0.0,624.0,6.0,24.0,230.0,43.0,50.0
0.5,0.2,0.7,0.25,2456.0,0.0,412.0,5.0,23.0,192.0,42.0,50.0
0.5,0.2,0.7,0.25,1971.0,0.0,529.0,7.0,31.0,317.0,63.0,50.0
0.5,0.2,0.7,0.25,2311.0,0.0,450.0,6.0,24.0,219.0,41.0,50.0
0.5,0.2,0.7,0.25,2176.0,0.0,521.0,6.0,23.0,184.0,33.0,50.0
0.5,0.2,0.7,0.25,1544.0,0.0,343.0,6.0,24.0,146.0,32.0,50.0
0.5,0.2,0.9,0.25,2516.0,0.0,148.0,7.0,27.0,241.0,45.0,50.0
0.5,0.2,0.9,0.25,2476.0,0.0,202.0,7.0,26.0,190.0,41.0,50.0
0.5,0.2,0.9,0.25,2818.0,0.0,283.0,7.0,36.0,321.0,61.0,50.0
0.5,0.2,0.9,0.25,2168.0,0.0,248.0,5.0,20.0,126.0,25.0,50.0
0.5,0.2,0.9,0.25,1767.0,0.0,181.0,4.0,13.0,145.0,28.0,50.0
0.5,0.2,0.3,0.3,1878.0,0.0,756.0,7.0,29.0,181.0,38.0,50.0
0.5,0.2,0.3,0.3,1870.0,0.0,851.0,4.0,15.0,95.0,22.0,50.0
0.5,0.2,0.3,0.3,1866.0,0.0,789.0,5.0,21.0,121.0,26.0,50.0
0.5,0.2,0.3,0.3,1876.0,0.0,816.0,3.0,10.0,53.0,15.0,50.0
0.5,0.2,0.3,0.3,1936.0,0.0,825.0,6.0,24.0,184.0,36.0,50.0
0.5,0.2,0.5,0.3,2284.0,0.0,617.0,7.0,28.0,220.0,47.0,50.0
0.5,0.2,0.5,0.3,2233.0,0.0,658.0,4.0,14.0,101.0,21.0,50.0
0.5,0.2,0.5,0.3,2138.0,0.0,693.0,7.0,28.0,224.0,46.0,50.0
0.5,0.2,0.5,0.3,2229.0,0.0,700.0,7.0,32.0,269.0,52.0,50.0
0.5,0.2,0.5,0.3,2138.0,0.0,575.0,6.0,25.0,172.0,35.0,50.0
0.5,0.2,0.7,0.3,2721.0,0.0,318.0,4.0,12.0,100.0,23.0,50.0
0.5,0.2,0.7,0.3,2414.0,0.0,485.0,6.0,28.0,234.0,44.0,50.0
0.5,0.2,0.7,0.3,2744.0,0.0,397.0,8.0,34.0,264.0,56.0,50.0
0.5,0.2,0.7,0.3,2574.0,0.0,484.0,8.0,27.0,254.0,51.0,50.0
0.5,0.2,0.7,0.3,2658.0,0.0,411.0,8.0,27.0,219.0,48.0,50.0
0.5,0.2,0.9,0.3,3398.0,0.0,117.0,2.0,9.0,60.0,12.0,50.0
0.5,0.2,0.9,0.3,3122.0,0.0,210.0,6.0,24.0,253.0,48.0,50.0
0.5,0.2,0.9,0.3,3066.0,0.0,199.0,5.0,22.0,209.0,37.0,50.0
0.5,0.2,0.9,0.3,3017.0,0.0,164.0,4.0,15.0,96.0,21.0,50.0
0.5,0.2,0.9,0.3,3031.0,0.0,197.0,4.0,17.0,136.0,25.0,50.0
0.5,0.2,0.3,0.35,2254.0,0.0,739.0,9.0,37.0,274.0,58.0,50.0
0.5,0.2,0.3,0.35,2149.0,0.0,866.0,5.0,26.0,254.0,47.0,50.0
0.5,0.2,0.3,0.35,2185.0,0.0,822.0,3.0,12.0,73.0,17.0,50.0
0.5,0.2,0.3,0.35,2143.0,0.0,856.0,4.0,17.0,146.0,25.0,50.0
0.5,0.2,0.3,0.35,2055.0,0.0,797.0,6.0,24.0,178.0,37.0,50.0
0.5,0.2,0.5,0.35,2347.0,0.0,634.0,4.0,15.0,97.0,20.0,50.0
0.5,0.2,0.5,0.35,2528.0,0.0,601.0,7.0,22.0,174.0,34.0,50.0
0.5,0.2,0.5,0.35,2345.0,0.0,600.0,8.0,29.0,304.0,60.0,50.0
0.5,0.2,0.5,0.35,2376.0,0.0,628.0,5.0,21.0,151.0,30.0,50.0
0.5,0.2,0.5,0.35,2441.0,0.0,598.0,4.0,15.0,165.0,29.0,50.0
0.5,0.2,0.7,0.35,3225.0,0.0,340.0,6.0,25.0,219.0,42.0,50.0
0.5,0.2,0.7,0.35,3002.0,0.0,358.0,5.0,19.0,141.0,29.0,50.0
0.5,0.2,0.7,0.35,2998.0,0.0,378.0,7.0,34.0,240.0,52.0,50.0
0.5,0.2,0.7,0.35,3061.0,0.0,416.0,7.0,31.0,270.0,58.0,50.0
0.5,0.2,0.7,0.35,3063.0,0.0,382.0,10.0,37.0,289.0,60.0,50.0
0.5,0.2,0.9,0.35,3658.0,0.0,73.0,4.0,22.0,167.0,33.0,50.0
0.5,0.2,0.9,0.35,3483.0,0.0,161.0,5.0,15.0,113.0,23.0,50.0
0.5,0.2,0.9,0.35,3393.0,0.0,160.0,5.0,16.0,102.0,23.0,50.0
0.5,0.2,0.9,0.35,3436.0,0.0,164.0,7.0,29.0,269.0,52.0,50.0
0.5,0.2,0.9,0.35,3361.0,0.0,183.0,6.0,21.0,202.0,42.0,50.0
0.5,0.2,0.3,0.4,2363.0,0.0,749.0,5.0,22.0,198.0,39.0,50.0
0.5,0.2,0.3,0.4,2284.0,0.0,868.0,7.0,28.0,356.0,67.0,50.0
0.5,0.2,0.3,0.4,2290.0,0.0,848.0,5.0,21.0,168.0,32.0,50.0
0.5,0.2,0.3,0.4,2349.0,0.0,812.0,5.0,16.0,161.0,32.0,50.0
0.5,0.2,0.3,0.4,2306.0,0.0,858.0,7.0,27.0,211.0,42.0,50.0
0.5,0.2,0.5,0.4,2796.0,0.0,501.0,7.0,37.0,247.0,50.0,50.0
0.5,0.2,0.5,0.4,2941.0,0.0,549.0,6.0,31.0,255.0,51.0,50.0
0.5,0.2,0.5,0.4,2888.0,0.0,592.0,5.0,20.0,158.0,28.0,50.0
0.5,0.2,0.5,0.4,2711.0,0.0,588.0,10.0,42.0,311.0,69.0,50.0
0.5,0.2,0.5,0.4,2855.0,0.0,577.0,3.0,10.0,103.0,17.0,50.0
0.5,0.2,0.7,0.4,3334.0,0.0,277.0,8.0,27.0,252.0,53.0,50.0
0.5,0.2,0.7,0.4,3238.0,0.0,313.0,5.0,15.0,111.0,21.0,50.0
0.5,0.2,0.7,0.4,3192.0,0.0,325.0,6.0,24.0,274.0,50.0,50.0
0.5,0.2,0.7,0.4,3214.0,0.0,376.0,6.0,25.0,255.0,45.0,50.0
0.5,0.2,0.7,0.4,3216.0,0.0,346.0,2.0,9.0,71.0,13.0,50.0
0.5,0.2,0.9,0.4,3712.0,0.0,63.0,3.0,13.0,80.0,16.0,50.0
0.5,0.2,0.9,0.4,3657.0,0.0,120.0,6.0,24.0,179.0,40.0,50.0
0.5,0.2,0.9,0.4,3667.0,0.0,118.0,4.0,14.0,81.0,16.0,50.0
0.5,0.2,0.9,0.4,3633.0,0.0,118.0,6.0,26.0,204.0,46.0,50.0
0.5,0.2,0.9,0.4,3551.0,0.0,134.0,7.0,26.0,234.0,44.0,50.0
0.5,0.2,0.3,0.45,2512.0,0.0,719.0,7.0,18.0,202.0,40.0,50.0
0.5,0.2,0.3,0.45,2428.0,0.0,862.0,7.0,25.0,227.0,44.0,50.0
0.5,0.2,0.3,0.45,2498.0,0.0,844.0,4.0,18.0,122.0,24.0,50.0
0.5,0.2,0.3,0.45,2498.0,0.0,853.0,6.0,23.0,185.0,40.0,50.0
0.5,0.2,0.3,0.45,2503.0,0.0,866.0,7.0,27.0,228.0,49.0,50.0
0.5,0.2,0.5,0.45,3092.0,1.0,478.0,4.0,10.0,125.0,24.0,50.0
0.5,0.2,0.5,0.45,2918.0,1.0,563.0,5.0,20.0,164.0,35.0,50.0
0.5,0.2,0.5,0.45,2976.0,1.0,582.0,6.0,17.0,191.0,34.0,50.0
0.5,0.2,0.5,0.45,2984.0,1.0,517.0,6.0,34.0,316.0,59.0,50.0
0.5,0.2,0.5,0.45,2903.0,1.0,604.0,4.0,16.0,156.0,31.0,50.0
0.5,0.2,0.7,0.45,3502.0,0.0,242.0,7.0,28.0,234.0,45.0,50.0
0.5,0.2,0.7,0.45,3480.0,0.0,296.0,7.0,27.0,202.0,48.0,50.0
0.5,0.2,0.7,0.45,3365.0,0.0,302.0,5.0,23.0,211.0,44.0,50.0
0.5,0.2,0.7,0.45,3325.0,0.0,307.0,7.0,34.0,310.0,56.0,50.0
0.5,0.2,0.7,0.45,3452.0,0.0,274.0,4.0,14.0,133.0,28.0,50.0
0.5,0.2,0.9,0.45,4014.0,1.0,67.0,6.0,17.0,139.0,26.0,50.0
0.5,0.2,0.9,0.45,3832.0,1.0,106.0,8.0,35.0,265.0,54.0,50.0
0.5,0.2,0.9,0.45,3774.0,1.0,104.0,4.0,27.0,245.0,48.0,50.0
0.5,0.2,0.9,0.45,3813.0,1.0,122.0,3.0,12.0,96.0,19.0,50.0
0.5,0.2,0.9,0.45,3837.0,1.0,103.0,7.0,26.0,201.0,40.0,50.0
0.5,0.2,0.3,0.5,2757.0,1.0,750.0,6.0,23.0,239.0,41.0,50.0
0.5,0.2,0.3,0.5,2583.0,1.0,851.0,7.0,29.0,219.0,45.0,50.0
0.5,0.2,0.3,0.5,2577.0,1.0,843.0,6.0,22.0,107.0,27.0,50.0
0.5,0.2,0.3,0.5,2629.0,1.0,810.0,9.0,37.0,278.0,56.0,50.0
0.5,0.2,0.3,0.5,2691.0,1.0,790.0,6.0,24.0,185.0,38.0,50.0
0.5,0.2,0.5,0.5,3153.0,0.0,453.0,6.0,28.0,213.0,45.0,50.0
0.5,0.2,0.5,0.5,3133.0,0.0,513.0,4.0,19.0,123.0,27.0,50.0
0.5,0.2,0.5,0.5,3114.0,0.0,499.0,8.0,32.0,194.0,41.0,50.0
0.5,0.2,0.5,0.5,3169.0,0.0,517.0,5.0,17.0,168.0,31.0,50.0
0.5,0.2,0.5,0.5,3042.0,0.0,517.0,9.0,33.0,276.0,60.0,50.0
0.5,0.2,0.7,0.5,3697.0,0.0,217.0,4.0,21.0,228.0,44.0,50.0
0.5,0.2,0.7,0.5,3595.0,0.0,252.0,8.0,28.0,197.0,41.0,50.0
0.5,0.2,0.7,0.5,3601.0,0.0,260.0,4.0,13.0,144.0,28.0,50.0
0.5,0.2,0.7,0.5,3438.0,0.0,283.0,5.0,19.0,169.0,33.0,50.0
0.5,0.2,0.7,0.5,3579.0,0.0,260.0,4.0,17.0,151.0,32.0,50.0
0.5,0.2,0.9,0.5,4055.0,3.0,42.0,5.0,16.0,137.0,29.0,50.0
0.5,0.2,0.9,0.5,3834.0,3.0,83.0,7.0,33.0,350.0,64.0,50.0
0.5,0.2,0.9,0.5,3976.0,3.0,100.0,7.0,26.0,192.0,36.0,50.0
0.5,0.2,0.9,0.5,3959.0,3.0,86.0,7.0,27.0,165.0,41.0,50.0
0.5,0.2,0.9,0.5,3854.0,3.0,119.0,7.0,30.0,290.0,52.0,50.0
0.5,0.3,0.3,0.01,90.0,0.0,90.0,1.0,5.0,64.0,12.0,13.0
0.5,0.3,0.3,0.01,29.0,0.0,29.0,0.0,0.0,0.0,0.0,6.0
0.5,0.3,0.3,0.01,31.0,0.0,31.0,0.0,0.0,0.0,0.0,6.0
0.5,0.3,0.3,0.01,106.0,0.0,106.0,2.0,7.0,80.0,15.0,21.0
0.5,0.3,0.3,0.01,34.0,0.0,34.0,0.0,0.0,0.0,0.0,6.0
0.5,0.3,0.5,0.01,29.0,0.0,29.0,0.0,0.0,0.0,0.0,6.0
0.5,0.3,0.5,0.01,34.0,0.0,34.0,0.0,0.0,0.0,0.0,6.0
0.5,0.3,0.5,0.01,300.0,0.0,247.0,8.0,31.0,277.0,53.0,50.0
0.5,0.3,0.5,0.01,344.0,0.0,245.0,10.0,44.0,317.0,69.0,50.0
0.5,0.3,0.5,0.01,74.0,0.0,74.0,1.0,6.0,44.0,10.0,13.0
0.5,0.3,0.7,0.01,36.0,0.0,36.0,0.0,0.0,0.0,0.0,6.0
0.5,0.3,0.7,0.01,195.0,0.0,158.0,4.0,20.0,166.0,34.0,29.0
0.5,0.3,0.7,0.01,33.0,0.0,33.0,0.0,0.0,0.0,0.0,6.0
0.5,0.3,0.7,0.01,31.0,0.0,31.0,0.0,0.0,0.0,0.0,6.0
0.5,0.3,0.7,0.01,82.0,0.0,75.0,3.0,12.0,58.0,15.0,21.0
0.5,0.3,0.9,0.01,38.0,0.0,38.0,0.0,0.0,0.0,0.0,6.0
0.5,0.3,0.9,0.01,35.0,0.0,35.0,0.0,0.0,0.0,0.0,6.0
0.5,0.3,0.9,0.01,110.0,0.0,96.0,2.0,8.0,79.0,14.0,17.0
0.5,0.3,0.9,0.01,32.0,0.0,32.0,0.0,0.0,0.0,0.0,6.0
0.5,0.3,0.9,0.01,39.0,0.0,39.0,0.0,0.0,0.0,0.0,6.0
0.5,0.3,0.3,0.05,38.0,0.0,38.0,0.0,0.0,0.0,0.0,6.0
0.5,0.3,0.3,0.05,41.0,0.0,41.0,0.0,0.0,0.0,0.0,6.0
0.5,0.3,0.3,0.05,33.0,0.0,33.0,0.0,0.0,0.0,0.0,6.0
0.5,0.3,0.3,0.05,270.0,0.0,233.0,7.0,32.0,247.0,50.0,45.0
0.5,0.3,0.3,0.05,406.0,0.0,340.0,10.0,42.0,388.0,75.0,50.0
0.5,0.3,0.5,0.05,64.0,0.0,64.0,1.0,3.0,35.0,4.0,13.0
0.5,0.3,0.5,0.05,93.0,0.0,88.0,2.0,5.0,68.0,12.0,21.0
0.5,0.3,0.5,0.05,27.0,0.0,27.0,0.0,0.0,0.0,0.0,6.0
0.5,0.3,0.5,0.05,94.0,0.0,88.0,3.0,9.0,48.0,15.0,29.0
0.5,0.3,0.5,0.05,26.0,0.0,26.0,0.0,0.0,0.0,0.0,6.0
0.5,0.3,0.7,0.05,304.0,0.0,249.0,9.0,39.0,279.0,56.0,50.0
0.5,0.3,0.7,0.05,103.0,0.0,101.0,1.0,6.0,65.0,14.0,17.0
0.5,0.3,0.7,0.05,33.0,0.0,33.0,0.0,0.0,0.0,0.0,6.0
0.5,0.3,0.7,0.05,84.0,0.0,84.0,3.0,11.0,53.0,15.0,29.0
0.5,0.3,0.7,0.05,30.0,0.0,30.0,0.0,0.0,0.0,0.0,6.0
0.5,0.3,0.9,0.05,94.0,0.0,73.0,4.0,17.0,69.0,18.0,25.0
0.5,0.3,0.9,0.05,31.0,0.0,31.0,0.0,0.0,0.0,0.0,6.0
0.5,0.3,0.9,0.05,206.0,0.0,186.0,4.0,19.0,183.0,33.0,33.0
0.5,0.3,0.9,0.05,68.0,0.0,66.0,2.0,6.0,39.0,8.0,17.0
0.5,0.3,0.9,0.05,33.0,0.0,33.0,0.0,0.0,0.0,0.0,6.0
0.5,0.3,0.3,0.1,92.0,0.0,86.0,1.0,6.0,43.0,9.0,17.0
0.5,0.3,0.3,0.1,29.0,0.0,29.0,0.0,0.0,0.0,0.0,13.0
0.5,0.3,0.3,0.1,70.0,0.0,63.0,1.0,4.0,10.0,4.0,21.0
0.5,0.3,0.3,0.1,344.0,0.0,278.0,8.0,28.0,222.0,47.0,50.0
0.5,0.3,0.3,0.1,359.0,0.0,281.0,6.0,30.0,224.0,49.0,50.0
0.5,0.3,0.5,0.1,240.0,0.0,210.0,5.0,26.0,150.0,33.0,50.0
0.5,0.3,0.5,0.1,353.0,0.0,281.0,5.0,25.0,210.0,44.0,50.0
0.5,0.3,0.5,0.1,40.0,0.0,40.0,0.0,0.0,0.0,0.0,13.0
0.5,0.3,0.5,0.1,343.0,0.0,235.0,5.0,22.0,219.0,44.0,50.0
0.5,0.3,0.5,0.1,414.0,0.0,325.0,6.0,33.0,277.0,56.0,50.0
0.5,0.3,0.7,0.1,25.0,0.0,25.0,0.0,0.0,0.0,0.0,6.0
0.5,0.3,0.7,0.1,185.0,0.0,162.0,4.0,11.0,102.0,19.0,38.0
0.5,0.3,0.7,0.1,377.0,0.0,278.0,7.0,26.0,239.0,46.0,50.0
0.5,0.3,0.7,0.1,224.0,0.0,184.0,5.0,21.0,135.0,29.0,50.0
0.5,0.3,0.7,0.1,301.0,0.0,187.0,6.0,23.0,207.0,41.0,50.0
0.5,0.3,0.9,0.1,40.0,0.0,40.0,0.0,0.0,0.0,0.0,13.0
0.5,0.3,0.9,0.1,201.0,0.0,182.0,4.0,17.0,119.0,24.0,45.0
0.5,0.3,0.9,0.1,184.0,0.0,149.0,3.0,11.0,102.0,19.0,37.0
0.5,0.3,0.9,0.1,25.0,0.0,25.0,1.0,1.0,0.0,0.0,13.0
0.5,0.3,0.9,0.1,40.0,0.0,40.0,0.0,0.0,0.0,0.0,13.0
0.5,0.3,0.3,0.15,310.0,0.0,221.0,4.0,16.0,90.0,21.0,50.0
0.5,0.3,0.3,0.15,379.0,0.0,267.0,4.0,21.0,138.0,33.0,50.0
0.5,0.3,0.3,0.15,329.0,0.0,231.0,5.0,18.0,111.0,25.0,50.0
0.5,0.3,0.3,0.15,535.0,0.0,363.0,5.0,16.0,188.0,36.0,50.0
0.5,0.3,0.3,0.15,271.0,0.0,219.0,2.0,9.0,74.0,15.0,45.0
0.5,0.3,0.5,0.15,153.0,0.0,121.0,2.0,7.0,35.0,9.0,33.0
0.5,0.3,0.5,0.15,626.0,0.0,410.0,5.0,21.0,177.0,37.0,50.0
0.5,0.3,0.5,0.15,1018.0,0.0,547.0,9.0,32.0,342.0,66.0,50.0
0.5,0.3,0.5,0.15,431.0,0.0,288.0,6.0,30.0,177.0,39.0,50.0
0.5,0.3,0.5,0.15,47.0,0.0,47.0,0.0,0.0,0.0,0.0,17.0
0.5,0.3,0.7,0.15,367.0,0.0,224.0,4.0,16.0,103.0,23.0,50.0
0.5,0.3,0.7,0.15,581.0,0.0,337.0,5.0,22.0,210.0,41.0,50.0
0.5,0.3,0.7,0.15,1181.0,0.0,516.0,9.0,36.0,357.0,66.0,50.0
0.5,0.3,0.7,0.15,688.0,0.0,360.0,6.0,26.0,197.0,40.0,50.0
0.5,0.3,0.7,0.15,795.0,0.0,382.0,7.0,22.0,216.0,39.0,50.0
0.5,0.3,0.9,0.15,980.0,0.0,294.0,5.0,26.0,196.0,40.0,50.0
0.5,0.3,0.9,0.15,1186.0,0.0,498.0,6.0,35.0,367.0,68.0,50.0
0.5,0.3,0.9,0.15,686.0,0.0,275.0,8.0,31.0,247.0,52.0,50.0
0.5,0.3,0.9,0.15,40.0,0.0,40.0,2.0,4.0,11.0,2.0,25.0
0.5,0.3,0.9,0.15,1304.0,0.0,353.0,6.0,27.0,268.0,50.0,50.0
0.5,0.3,0.3,0.2,1247.0,0.0,590.0,8.0,30.0,213.0,43.0,50.0
0.5,0.3,0.3,0.2,1496.0,0.0,783.0,10.0,45.0,387.0,74.0,50.0
0.5,0.3,0.3,0.2,1289.0,0.0,622.0,7.0,33.0,220.0,42.0,50.0
0.5,0.3,0.3,0.2,842.0,0.0,493.0,3.0,16.0,128.0,26.0,50.0
0.5,0.3,0.3,0.2,1338.0,0.0,679.0,6.0,22.0,179.0,37.0,50.0
0.5,0.3,0.5,0.2,1414.0,0.0,587.0,6.0,26.0,218.0,41.0,50.0
0.5,0.3,0.5,0.2,823.0,0.0,432.0,4.0,18.0,129.0,29.0,50.0
0.5,0.3,0.5,0.2,798.0,0.0,354.0,6.0,25.0,168.0,38.0,50.0
0.5,0.3,0.5,0.2,993.0,0.0,412.0,7.0,17.0,144.0,29.0,50.0
0.5,0.3,0.5,0.2,1308.0,0.0,588.0,7.0,24.0,176.0,38.0,50.0
0.5,0.3,0.7,0.2,1217.0,0.0,395.0,3.0,10.0,97.0,21.0,50.0
0.5,0.3,0.7,0.2,956.0,0.0,375.0,2.0,8.0,63.0,13.0,50.0
0.5,0.3,0.7,0.2,1589.0,0.0,480.0,8.0,28.0,220.0,45.0,50.0
0.5,0.3,0.7,0.2,1531.0,0.0,540.0,6.0,28.0,238.0,41.0,50.0
0.5,0.3,0.7,0.2,829.0,0.0,273.0,3.0,12.0,95.0,19.0,50.0
0.5,0.3,0.9,0.2,1516.0,0.0,175.0,1.0,3.0,29.0,6.0,50.0
0.5,0.3,0.9,0.2,2249.0,0.0,332.0,10.0,41.0,319.0,70.0,50.0
0.5,0.3,0.9,0.2,1257.0,0.0,222.0,5.0,16.0,101.0,22.0,50.0
0.5,0.3,0.9,0.2,2086.0,0.0,278.0,6.0,23.0,111.0,28.0,50.0
0.5,0.3,0.9,0.2,1856.0,0.0,388.0,7.0,30.0,308.0,55.0,50.0
0.5,0.3,0.3,0.25,1552.0,0.0,709.0,7.0,20.0,117.0,26.0,50.0
0.5,0.3,0.3,0.25,1773.0,0.0,826.0,8.0,32.0,242.0,51.0,50.0
0.5,0.3,0.3,0.25,1626.0,0.0,770.0,3.0,11.0,117.0,19.0,50.0
0.5,0.3,0.3,0.25,1769.0,0.0,778.0,6.0,21.0,249.0,49.0,50.0
0.5,0.3,0.3,0.25,1806.0,0.0,841.0,7.0,35.0,276.0,55.0,50.0
0.5,0.3,0.5,0.25,1912.0,0.0,583.0,6.0,22.0,230.0,42.0,50.0
0.5,0.3,0.5,0.25,1619.0,0.0,622.0,3.0,11.0,69.0,16.0,50.0
0.5,0.3,0.5,0.25,1692.0,0.0,620.0,5.0,22.0,99.0,26.0,50.0
0.5,0.3,0.5,0.25,1704.0,0.0,633.0,5.0,24.0,177.0,33.0,50.0
0.5,0.3,0.5,0.25,1682.0,0.0,567.0,6.0,23.0,137.0,34.0,50.0
0.5,0.3,0.7,0.25,2586.0,0.0,421.0,6.0,26.0,202.0,39.0,50.0
0.5,0.3,0.7,0.25,2106.0,0.0,586.0,5.0,23.0,257.0,44.0,50.0
0.5,0.3,0.7,0.25,2361.0,0.0,496.0,7.0,37.0,291.0,64.0,50.0
0.5,0.3,0.7,0.25,2242.0,0.0,548.0,7.0,28.0,229.0,51.0,50.0
0.5,0.3,0.7,0.25,1930.0,0.0,472.0,4.0,22.0,114.0,22.0,50.0
0.5,0.3,0.9,0.25,3080.0,0.0,181.0,6.0,31.0,278.0,52.0,50.0
0.5,0.3,0.9,0.25,2606.0,0.0,250.0,4.0,11.0,49.0,13.0,50.0
0.5,0.3,0.9,0.25,2836.0,0.0,230.0,6.0,22.0,135.0,33.0,50.0
0.5,0.3,0.9,0.25,2738.0,0.0,262.0,7.0,28.0,173.0,36.0,50.0
0.5,0.3,0.9,0.25,2842.0,0.0,240.0,8.0,32.0,272.0,52.0,50.0
0.5,0.3,0.3,0.3,2169.0,0.0,796.0,8.0,33.0,252.0,48.0,50.0
0.5,0.3,0.3,0.3,1978.0,0.0,849.0,9.0,32.0,178.0,46.0,50.0
0.5,0.3,0.3,0.3,2033.0,0.0,826.0,6.0,24.0,264.0,46.0,50.0
0.5,0.3,0.3,0.3,1808.0,0.0,773.0,4.0,17.0,128.0,25.0,50.0
0.5,0.3,0.3,0.3,2062.0,0.0,863.0,7.0,32.0,224.0,51.0,50.0
0.5,0.3,0.5,0.3,2304.0,0.0,674.0,7.0,27.0,239.0,43.0,50.0
0.5,0.3,0.5,0.3,2365.0,0.0,666.0,9.0,44.0,415.0,81.0,50.0
0.5,0.3,0.5,0.3,2363.0,0.0,761.0,6.0,23.0,217.0,45.0,50.0
0.5,0.3,0.5,0.3,2246.0,0.0,661.0,6.0,22.0,172.0,33.0,50.0
0.5,0.3,0.5,0.3,2362.0,0.0,708.0,7.0,23.0,222.0,42.0,50.0
0.5,0.3,0.7,0.3,2831.0,0.0,394.0,7.0,24.0,249.0,44.0,50.0
0.5,0.3,0.7,0.3,2781.0,0.0,413.0,7.0,29.0,264.0,54.0,50.0
0.5,0.3,0.7,0.3,2828.0,0.0,432.0,5.0,23.0,171.0,34.0,50.0
0.5,0.3,0.7,0.3,2740.0,0.0,495.0,6.0,28.0,271.0,54.0,50.0
0.5,0.3,0.7,0.3,2853.0,0.0,445.0,7.0,21.0,213.0,44.0,50.0
0.5,0.3,0.9,0.3,3414.0,0.0,110.0,5.0,16.0,70.0,19.0,50.0
0.5,0.3,0.9,0.3,3287.0,0.0,195.0,6.0,22.0,94.0,28.0,50.0
0.5,0.3,0.9,0.3,3356.0,0.0,231.0,2.0,8.0,69.0,13.0,50.0
0.5,0.3,0.9,0.3,3307.0,0.0,175.0,6.0,22.0,191.0,36.0,50.0
0.5,0.3,0.9,0.3,3216.0,0.0,202.0,7.0,29.0,254.0,50.0,50.0
0.5,0.3,0.3,0.35,2215.0,0.0,810.0,4.0,11.0,109.0,21.0,50.0
0.5,0.3,0.3,0.35,2243.0,0.0,876.0,7.0,28.0,239.0,48.0,50.0
0.5,0.3,0.3,0.35,2117.0,0.0,826.0,7.0,31.0,203.0,46.0,50.0
0.5,0.3,0.3,0.35,2196.0,0.0,885.0,6.0,17.0,188.0,35.0,50.0
0.5,0.3,0.3,0.35,2218.0,0.0,881.0,6.0,23.0,211.0,39.0,50.0
0.5,0.3,0.5,0.35,2703.0,0.0,591.0,5.0,13.0,107.0,23.0,50.0
0.5,0.3,0.5,0.35,2660.0,0.0,631.0,11.0,42.0,299.0,57.0,50.0
0.5,0.3,0.5,0.35,2612.0,0.0,651.0,5.0,26.0,227.0,40.0,50.0
0.5,0.3,0.5,0.35,2543.0,0.0,686.0,7.0,28.0,221.0,47.0,50.0
0.5,0.3,0.5,0.35,2606.0,0.0,661.0,7.0,33.0,260.0,50.0,50.0
0.5,0.3,0.7,0.35,3263.0,0.0,311.0,9.0,41.0,329.0,68.0,50.0
0.5,0.3,0.7,0.35,2995.0,0.0,417.0,8.0,37.0,290.0,56.0,50.0
0.5,0.3,0.7,0.35,3112.0,0.0,423.0,5.0,17.0,148.0,27.0,50.0
0.5,0.3,0.7,0.35,3094.0,0.0,380.0,5.0,20.0,189.0,36.0,50.0
0.5,0.3,0.7,0.35,3074.0,0.0,384.0,3.0,12.0,129.0,24.0,50.0
0.5,0.3,0.9,0.35,3686.0,0.0,91.0,6.0,22.0,110.0,27.0,50.0
0.5,0.3,0.9,0.35,3447.0,0.0,163.0,7.0,24.0,232.0,41.0,50.0
0.5,0.3,0.9,0.35,3438.0,0.0,186.0,4.0,16.0,180.0,35.0,50.0
0.5,0.3,0.9,0.35,3405.0,0.0,152.0,6.0,21.0,130.0,29.0,50.0
0.5,0.3,0.9,0.35,3493.0,0.0,185.0,8.0,38.0,326.0,68.0,50.0
0.5,0.3,0.3,0.4,2420.0,0.0,802.0,6.0,23.0,164.0,35.0,50.0
0.5,0.3,0.3,0.4,2400.0,0.0,880.0,7.0,22.0,220.0,42.0,50.0
0.5,0.3,0.3,0.4,2420.0,0.0,844.0,8.0,33.0,248.0,54.0,50.0
0.5,0.3,0.3,0.4,2350.0,0.0,858.0,4.0,14.0,78.0,18.0,50.0
0.5,0.3,0.3,0.4,2333.0,0.0,876.0,5.0,16.0,113.0,26.0,50.0
0.5,0.3,0.5,0.4,2845.0,0.0,556.0,2.0,8.0,48.0,9.0,50.0
0.5,0.3,0.5,0.4,2827.0,0.0,593.0,6.0,19.0,177.0,38.0,50.0
0.5,0.3,0.5,0.4,2784.0,0.0,619.0,3.0,10.0,34.0,9.0,50.0
0.5,0.3,0.5,0.4,2900.0,0.0,576.0,9.0,38.0,298.0,58.0,50.0
0.5,0.3,0.5,0.4,2795.0,0.0,640.0,8.0,30.0,232.0,51.0,50.0
0.5,0.3,0.7,0.4,3437.0,0.0,291.0,7.0,35.0,260.0,54.0,50.0
0.5,0.3,0.7,0.4,3245.0,0.0,360.0,7.0,27.0,233.0,40.0,50.0
0.5,0.3,0.7,0.4,3241.0,0.0,345.0,5.0,23.0,129.0,33.0,50.0
0.5,0.3,0.7,0.4,3352.0,0.0,355.0,4.0,14.0,96.0,21.0,50.0
0.5,0.3,0.7,0.4,3267.0,0.0,334.0,6.0,29.0,202.0,46.0,50.0
0.5,0.3,0.9,0.4,3994.0,0.0,71.0,9.0,36.0,180.0,39.0,50.0
0.5,0.3,0.9,0.4,3597.0,0.0,152.0,7.0,27.0,215.0,47.0,50.0
0.5,0.3,0.9,0.4,3686.0,0.0,147.0,5.0,22.0,193.0,39.0,50.0
0.5,0.3,0.9,0.4,3609.0,0.0,137.0,7.0,35.0,258.0,56.0,50.0
0.5,0.3,0.9,0.4,3650.0,0.0,151.0,5.0,20.0,178.0,35.0,50.0
0.5,0.3,0.3,0.45,2527.0,0.0,835.0,6.0,25.0,193.0,39.0,50.0
0.5,0.3,0.3,0.45,2445.0,0.0,844.0,3.0,9.0,68.0,12.0,50.0
0.5,0.3,0.3,0.45,2502.0,0.0,884.0,2.0,5.0,60.0,13.0,50.0
0.5,0.3,0.3,0.45,2475.0,0.0,825.0,5.0,23.0,182.0,38.0,50.0
0.5,0.3,0.3,0.45,2555.0,0.0,878.0,9.0,29.0,309.0,52.0,50.0
0.5,0.3,0.5,0.45,3109.0,1.0,528.0,4.0,16.0,149.0,30.0,50.0
0.5,0.3,0.5,0.45,3044.0,1.0,553.0,9.0,29.0,211.0,42.0,50.0
0.5,0.3,0.5,0.45,2991.0,1.0,579.0,6.0,25.0,236.0,48.0,50.0
0.5,0.3,0.5,0.45,3038.0,1.0,558.0,6.0,25.0,151.0,31.0,50.0
0.5,0.3,0.5,0.45,2936.0,1.0,610.0,7.0,21.0,155.0,35.0,50.0
0.5,0.3,0.7,0.45,3679.0,2.0,256.0,4.0,19.0,151.0,31.0,50.0
0.5,0.3,0.7,0.45,3489.0,2.0,309.0,5.0,27.0,208.0,42.0,50.0
0.5,0.3,0.7,0.45,3465.0,2.0,326.0,7.0,29.0,209.0,45.0,50.0
0.5,0.3,0.7,0.45,3534.0,2.0,314.0,5.0,21.0,150.0,30.0,50.0
0.5,0.3,0.7,0.45,3443.0,2.0,364.0,5.0,21.0,189.0,35.0,50.0
0.5,0.3,0.9,0.45,4051.0,0.0,73.0,6.0,24.0,188.0,38.0,50.0
0.5,0.3,0.9,0.45,3851.0,0.0,118.0,7.0,26.0,267.0,48.0,50.0
0.5,0.3,0.9,0.45,3844.0,0.0,118.0,9.0,36.0,342.0,65.0,50.0
0.5,0.3,0.9,0.45,3876.0,0.0,125.0,7.0,29.0,196.0,40.0,50.0
0.5,0.3,0.9,0.45,3756.0,0.0,137.0,6.0,18.0,169.0,29.0,50.0
0.5,0.3,0.3,0.5,2730.0,2.0,799.0,6.0,26.0,197.0,37.0,50.0
0.5,0.3,0.3,0.5,2632.0,2.0,846.0,6.0,20.0,156.0,34.0,50.0
0.5,0.3,0.3,0.5,2645.0,2.0,855.0,7.0,23.0,216.0,39.0,50.0
0.5,0.3,0.3,0.5,2702.0,2.0,842.0,5.0,22.0,185.0,41.0,50.0
0.5,0.3,0.3,0.5,2617.0,2.0,861.0,7.0,33.0,297.0,60.0,50.0
0.5,0.3,0.5,0.5,3339.0,0.0,458.0,4.0,14.0,96.0,16.0,50.0
0.5,0.3,0.5,0.5,3102.0,0.0,521.0,3.0,11.0,123.0,19.0,50.0
0.5,0.3,0.5,0.5,3208.0,0.0,483.0,10.0,47.0,389.0,79.0,50.0
0.5,0.3,0.5,0.5,3197.0,0.0,512.0,4.0,14.0,92.0,18.0,50.0
0.5,0.3,0.5,0.5,3158.0,0.0,538.0,10.0,40.0,333.0,66.0,50.0
0.5,0.3,0.7,0.5,3819.0,2.0,213.0,5.0,22.0,191.0,36.0,50.0
0.5,0.3,0.7,0.5,3615.0,2.0,289.0,6.0,17.0,155.0,33.0,50.0
0.5,0.3,0.7,0.5,3641.0,2.0,241.0,5.0,22.0,133.0,27.0,50.0
0.5,0.3,0.7,0.5,3522.0,2.0,297.0,9.0,29.0,289.0,51.0,50.0
0.5,0.3,0.7,0.5,3618.0,2.0,258.0,5.0,22.0,198.0,39.0,50.0
0.5,0.3,0.9,0.5,4152.0,2.0,64.0,7.0,27.0,210.0,40.0,50.0
0.5,0.3,0.9,0.5,3980.0,2.0,111.0,5.0,16.0,161.0,31.0,50.0
0.5,0.3,0.9,0.5,4057.0,2.0,86.0,5.0,20.0,184.0,42.0,50.0
0.5,0.3,0.9,0.5,3981.0,2.0,117.0,4.0,16.0,216.0,37.0,50.0
0.5,0.3,0.9,0.5,3945.0,2.0,107.0,9.0,28.0,270.0,52.0,50.0
0.5,0.4,0.3,0.01,41.0,0.0,41.0,0.0,0.0,0.0,0.0,6.0
0.5,0.4,0.3,0.01,30.0,0.0,30.0,0.0,0.0,0.0,0.0,6.0
0.5,0.4,0.3,0.01,83.0,0.0,83.0,4.0,8.0,36.0,9.0,29.0
0.5,0.4,0.3,0.01,73.0,0.0,73.0,1.0,5.0,26.0,6.0,13.0
0.5,0.4,0.3,0.01,111.0,0.0,88.0,2.0,7.0,81.0,17.0,17.0
0.5,0.4,0.5,0.01,41.0,0.0,41.0,0.0,0.0,0.0,0.0,6.0
0.5,0.4,0.5,0.01,44.0,0.0,44.0,0.0,0.0,0.0,0.0,6.0
0.5,0.4,0.5,0.01,35.0,0.0,35.0,0.0,0.0,0.0,0.0,6.0
0.5,0.4,0.5,0.01,240.0,0.0,222.0,5.0,25.0,203.0,42.0,37.0
0.5,0.4,0.5,0.01,166.0,0.0,139.0,2.0,12.0,126.0,26.0,17.0
0.5,0.4,0.7,0.01,78.0,0.0,78.0,1.0,6.0,42.0,8.0,13.0
0.5,0.4,0.7,0.01,60.0,0.0,60.0,1.0,4.0,14.0,3.0,13.0
0.5,0.4,0.7,0.01,162.0,0.0,160.0,4.0,14.0,125.0,25.0,33.0
0.5,0.4,0.7,0.01,80.0,0.0,80.0,1.0,4.0,33.0,7.0,13.0
0.5,0.4,0.7,0.01,51.0,0.0,51.0,0.0,0.0,0.0,0.0,6.0
0.5,0.4,0.9,0.01,41.0,0.0,41.0,0.0,0.0,0.0,0.0,6.0
0.5,0.4,0.9,0.01,48.0,0.0,48.0,0.0,0.0,0.0,0.0,6.0
0.5,0.4,0.9,0.01,76.0,0.0,76.0,2.0,6.0,29.0,6.0,21.0
0.5,0.4,0.9,0.01,57.0,0.0,57.0,1.0,3.0,24.0,4.0,13.0
0.5,0.4,0.9,0.01,104.0,0.0,104.0,1.0,7.0,62.0,14.0,13.0
0.5,0.4,0.3,0.05,40.0,0.0,40.0,0.0,0.0,0.0,0.0,6.0
0.5,0.4,0.3,0.05,279.0,0.0,234.0,6.0,30.0,239.0,44.0,45.0
0.5,0.4,0.3,0.05,38.0,0.0,38.0,0.0,0.0,0.0,0.0,6.0
0.5,0.4,0.3,0.05,44.0,0.0,44.0,0.0,0.0,0.0,0.0,13.0
0.5,0.4,0.3,0.05,59.0,0.0,59.0,1.0,4.0,20.0,6.0,13.0
0.5,0.4,0.5,0.05,43.0,0.0,43.0,0.0,0.0,0.0,0.0,6.0
0.5,0.4,0.5,0.05,126.0,0.0,120.0,2.0,6.0,76.0,13.0,17.0
0.5,0.4,0.5,0.05,80.0,0.0,80.0,3.0,6.0,33.0,8.0,21.0
0.5,0.4,0.5,0.05,277.0,0.0,224.0,8.0,29.0,251.0,51.0,50.0
0.5,0.4,0.5,0.05,34.0,0.0,34.0,0.0,0.0,0.0,0.0,6.0
0.5,0.4,0.7,0.05,42.0,0.0,42.0,1.0,3.0,5.0,2.0,13.0
0.5,0.4,0.7,0.05,37.0,0.0,37.0,0.0,0.0,0.0,0.0,6.0
0.5,0.4,0.7,0.05,53.0,0.0,53.0,0.0,0.0,0.0,0.0,6.0
0.5,0.4,0.7,0.05,62.0,0.0,62.0,1.0,3.0,29.0,4.0,14.0
0.5,0.4,0.7,0.05,27.0,0.0,27.0,0.0,0.0,0.0,0.0,6.0
0.5,0.4,0.9,0.05,39.0,0.0,39.0,0.0,0.0,0.0,0.0,6.0
0.5,0.4,0.9,0.05,83.0,0.0,83.0,1.0,4.0,41.0,7.0,13.0
0.5,0.4,0.9,0.05,76.0,0.0,76.0,3.0,6.0,33.0,5.0,21.0
0.5,0.4,0.9,0.05,283.0,0.0,252.0,9.0,32.0,250.0,47.0,49.0
0.5,0.4,0.9,0.05,33.0,0.0,33.0,0.0,0.0,0.0,0.0,6.0
0.5,0.4,0.3,0.1,126.0,0.0,118.0,4.0,15.0,83.0,16.0,37.0
0.5,0.4,0.3,0.1,81.0,0.0,79.0,3.0,9.0,24.0,10.0,29.0
0.5,0.4,0.3,0.1,352.0,0.0,265.0,7.0,29.0,245.0,53.0,50.0
0.5,0.4,0.3,0.1,161.0,0.0,149.0,4.0,16.0,80.0,17.0,41.0
0.5,0.4,0.3,0.1,140.0,0.0,128.0,3.0,16.0,73.0,17.0,33.0
0.5,0.4,0.5,0.1,214.0,0.0,177.0,4.0,15.0,123.0,23.0,29.0
0.5,0.4,0.5,0.1,348.0,0.0,299.0,6.0,23.0,197.0,37.0,50.0
0.5,0.4,0.5,0.1,197.0,0.0,174.0,4.0,12.0,86.0,17.0,45.0
0.5,0.4,0.5,0.1,116.0,0.0,111.0,2.0,5.0,46.0,9.0,18.0
0.5,0.4,0.5,0.1,326.0,0.0,273.0,4.0,18.0,174.0,37.0,45.0
0.5,0.4,0.7,0.1,447.0,0.0,288.0,6.0,28.0,278.0,50.0,50.0
0.5,0.4,0.7,0.1,370.0,0.0,309.0,7.0,27.0,225.0,49.0,50.0
0.5,0.4,0.7,0.1,207.0,0.0,158.0,4.0,14.0,97.0,21.0,37.0
0.5,0.4,0.7,0.1,256.0,0.0,186.0,3.0,10.0,136.0,24.0,37.0
0.5,0.4,0.7,0.1,316.0,0.0,256.0,4.0,19.0,161.0,31.0,50.0
0.5,0.4,0.9,0.1,161.0,0.0,149.0,2.0,9.0,74.0,14.0,37.0
0.5,0.4,0.9,0.1,359.0,0.0,282.0,6.0,25.0,201.0,41.0,50.0
0.5,0.4,0.9,0.1,406.0,0.0,276.0,7.0,38.0,228.0,49.0,50.0
0.5,0.4,0.9,0.1,319.0,0.0,246.0,7.0,28.0,174.0,38.0,50.0
0.5,0.4,0.9,0.1,53.0,0.0,50.0,0.0,0.0,0.0,0.0,17.0
0.5,0.4,0.3,0.15,138.0,0.0,106.0,0.0,0.0,0.0,0.0,25.0
0.5,0.4,0.3,0.15,630.0,0.0,365.0,5.0,21.0,180.0,36.0,50.0
0.5,0.4,0.3,0.15,104.0,0.0,85.0,1.0,2.0,1.0,1.0,25.0
0.5,0.4,0.3,0.15,692.0,0.0,404.0,7.0,30.0,178.0,41.0,50.0
0.5,0.4,0.3,0.15,620.0,0.0,422.0,5.0,20.0,201.0,37.0,50.0
0.5,0.4,0.5,0.15,453.0,0.0,315.0,4.0,16.0,120.0,29.0,49.0
0.5,0.4,0.5,0.15,451.0,0.0,290.0,2.0,11.0,84.0,16.0,49.0
0.5,0.4,0.5,0.15,623.0,0.0,339.0,4.0,15.0,164.0,32.0,50.0
0.5,0.4,0.5,0.15,1054.0,0.0,570.0,8.0,39.0,360.0,70.0,50.0
0.5,0.4,0.5,0.15,503.0,0.0,308.0,5.0,18.0,149.0,29.0,50.0
0.5,0.4,0.7,0.15,653.0,0.0,306.0,7.0,25.0,186.0,37.0,50.0
0.5,0.4,0.7,0.15,790.0,0.0,455.0,5.0,19.0,197.0,35.0,50.0
0.5,0.4,0.7,0.15,273.0,0.0,216.0,3.0,7.0,55.0,14.0,49.0
0.5,0.4,0.7,0.15,736.0,0.0,381.0,7.0,34.0,229.0,52.0,50.0
0.5,0.4,0.7,0.15,830.0,0.0,460.0,5.0,21.0,212.0,36.0,50.0
0.5,0.4,0.9,0.15,803.0,0.0,281.0,6.0,23.0,111.0,26.0,50.0
0.5,0.4,0.9,0.15,625.0,0.0,271.0,5.0,17.0,157.0,29.0,50.0
0.5,0.4,0.9,0.15,1154.0,0.0,431.0,6.0,25.0,253.0,51.0,50.0
0.5,0.4,0.9,0.15,516.0,0.0,296.0,3.0,14.0,121.0,25.0,50.0
0.5,0.4,0.9,0.15,1088.0,0.0,356.0,7.0,33.0,218.0,48.0,50.0
0.5,0.4,0.3,0.2,1450.0,0.0,702.0,5.0,19.0,241.0,45.0,50.0
0.5,0.4,0.3,0.2,1347.0,0.0,682.0,9.0,43.0,336.0,68.0,50.0
0.5,0.4,0.3,0.2,1448.0,0.0,748.0,8.0,34.0,244.0,55.0,50.0
0.5,0.4,0.3,0.2,1476.0,0.0,763.0,8.0,26.0,273.0,45.0,50.0
0.5,0.4,0.3,0.2,1404.0,0.0,708.0,6.0,28.0,271.0,53.0,50.0
0.5,0.4,0.5,0.2,1510.0,0.0,611.0,7.0,31.0,258.0,49.0,50.0
0.5,0.4,0.5,0.2,1401.0,0.0,652.0,9.0,36.0,258.0,54.0,50.0
0.5,0.4,0.5,0.2,1234.0,0.0,574.0,4.0,25.0,175.0,35.0,50.0
0.5,0.4,0.5,0.2,1141.0,0.0,535.0,6.0,22.0,165.0,34.0,50.0
0.5,0.4,0.5,0.2,1457.0,0.0,654.0,8.0,37.0,330.0,63.0,50.0
0.5,0.4,0.7,0.2,1751.0,0.0,551.0,8.0,30.0,252.0,54.0,50.0
0.5,0.4,0.7,0.2,1593.0,0.0,528.0,6.0,19.0,184.0,33.0,50.0
0.5,0.4,0.7,0.2,909.0,0.0,424.0,6.0,17.0,105.0,22.0,50.0
0.5,0.4,0.7,0.2,1440.0,0.0,467.0,4.0,14.0,179.0,35.0,50.0
0.5,0.4,0.7,0.2,1235.0,0.0,514.0,4.0,15.0,115.0,26.0,50.0
0.5,0.4,0.9,0.2,2106.0,0.0,240.0,5.0,19.0,145.0,29.0,50.0
0.5,0.4,0.9,0.2,2221.0,0.0,333.0,5.0,18.0,177.0,33.0,50.0
0.5,0.4,0.9,0.2,1332.0,0.0,286.0,5.0,26.0,168.0,41.0,50.0
0.5,0.4,0.9,0.2,1832.0,0.0,454.0,7.0,28.0,244.0,49.0,50.0
0.5,0.4,0.9,0.2,2270.0,0.0,338.0,9.0,36.0,395.0,72.0,50.0
0.5,0.4,0.3,0.25,1933.0,0.0,876.0,6.0,28.0,233.0,47.0,50.0
0.5,0.4,0.3,0.25,1814.0,0.0,836.0,6.0,24.0,168.0,36.0,50.0
0.5,0.4,0.3,0.25,1818.0,0.0,828.0,6.0,17.0,143.0,27.0,50.0
0.5,0.4,0.3,0.25,1346.0,0.0,638.0,2.0,14.0,102.0,22.0,50.0
0.5,0.4,0.3,0.25,1842.0,0.0,851.0,7.0,26.0,260.0,50.0,50.0
0.5,0.4,0.5,0.25,1963.0,0.0,718.0,7.0,29.0,172.0,44.0,50.0
0.5,0.4,0.5,0.25,1896.0,0.0,682.0,4.0,19.0,154.0,31.0,50.0
0.5,0.4,0.5,0.25,1996.0,0.0,741.0,8.0,33.0,251.0,49.0,50.0
0.5,0.4,0.5,0.25,2015.0,0.0,676.0,6.0,23.0,216.0,40.0,50.0
0.5,0.4,0.5,0.25,1807.0,0.0,707.0,6.0,19.0,161.0,33.0,50.0
0.5,0.4,0.7,0.25,2537.0,0.0,455.0,7.0,21.0,197.0,36.0,50.0
0.5,0.4,0.7,0.25,2308.0,0.0,518.0,5.0,16.0,169.0,29.0,50.0
0.5,0.4,0.7,0.25,2164.0,0.0,469.0,3.0,16.0,127.0,25.0,50.0
0.5,0.4,0.7,0.25,2378.0,0.0,541.0,6.0,23.0,210.0,37.0,50.0
0.5,0.4,0.7,0.25,2457.0,0.0,505.0,7.0,30.0,223.0,47.0,50.0
0.5,0.4,0.9,0.25,3114.0,0.0,179.0,5.0,13.0,89.0,20.0,50.0
0.5,0.4,0.9,0.25,2874.0,0.0,289.0,7.0,20.0,195.0,36.0,50.0
0.5,0.4,0.9,0.25,3060.0,0.0,250.0,4.0,17.0,157.0,30.0,50.0
0.5,0.4,0.9,0.25,2867.0,0.0,242.0,5.0,15.0,113.0,24.0,50.0
0.5,0.4,0.9,0.25,2663.0,0.0,255.0,9.0,33.0,310.0,59.0,50.0
0.5,0.4,0.3,0.3,2148.0,0.0,823.0,6.0,26.0,246.0,45.0,50.0
0.5,0.4,0.3,0.3,2144.0,0.0,870.0,8.0,32.0,290.0,57.0,50.0
0.5,0.4,0.3,0.3,2104.0,0.0,893.0,8.0,35.0,266.0,55.0,50.0
0.5,0.4,0.3,0.3,2127.0,0.0,849.0,6.0,33.0,300.0,61.0,50.0
0.5,0.4,0.3,0.3,2003.0,0.0,856.0,6.0,22.0,144.0,35.0,50.0
0.5,0.4,0.5,0.3,2408.0,0.0,680.0,6.0,26.0,240.0,45.0,50.0
0.5,0.4,0.5,0.3,2357.0,0.0,682.0,9.0,32.0,244.0,47.0,50.0
0.5,0.4,0.5,0.3,2417.0,0.0,707.0,6.0,28.0,210.0,41.0,50.0
0.5,0.4,0.5,0.3,2501.0,0.0,679.0,4.0,19.0,162.0,31.0,50.0
0.5,0.4,0.5,0.3,2306.0,0.0,717.0,2.0,8.0,75.0,15.0,50.0
0.5,0.4,0.7,0.3,2904.0,0.0,380.0,10.0,35.0,322.0,59.0,50.0
0.5,0.4,0.7,0.3,2820.0,0.0,470.0,6.0,26.0,218.0,45.0,50.0
0.5,0.4,0.7,0.3,2811.0,0.0,496.0,7.0,36.0,260.0,55.0,50.0
0.5,0.4,0.7,0.3,2700.0,0.0,494.0,5.0,19.0,197.0,37.0,50.0
0.5,0.4,0.7,0.3,2732.0,0.0,481.0,6.0,29.0,292.0,50.0,50.0
0.5,0.4,0.9,0.3,3643.0,0.0,158.0,7.0,24.0,273.0,52.0,50.0
0.5,0.4,0.9,0.3,3309.0,0.0,185.0,7.0,30.0,282.0,54.0,50.0
0.5,0.4,0.9,0.3,3238.0,0.0,240.0,7.0,29.0,233.0,45.0,50.0
0.5,0.4,0.9,0.3,3321.0,0.0,221.0,5.0,22.0,163.0,33.0,50.0
0.5,0.4,0.9,0.3,3311.0,0.0,226.0,9.0,38.0,376.0,71.0,50.0
0.5,0.4,0.3,0.35,2296.0,0.0,844.0,3.0,11.0,96.0,16.0,50.0
0.5,0.4,0.3,0.35,2276.0,0.0,933.0,8.0,27.0,281.0,57.0,50.0
0.5,0.4,0.3,0.35,2327.0,0.0,891.0,7.0,32.0,199.0,41.0,50.0
0.5,0.4,0.3,0.35,2258.0,0.0,903.0,5.0,17.0,153.0,31.0,50.0
0.5,0.4,0.3,0.35,2264.0,0.0,889.0,4.0,16.0,106.0,23.0,50.0
0.5,0.4,0.5,0.35,2798.0,0.0,584.0,5.0,19.0,199.0,37.0,50.0
0.5,0.4,0.5,0.35,2653.0,0.0,655.0,8.0,28.0,146.0,33.0,50.0
0.5,0.4,0.5,0.35,2745.0,0.0,650.0,9.0,35.0,238.0,56.0,50.0
0.5,0.4,0.5,0.35,2540.0,0.0,652.0,4.0,18.0,98.0,26.0,50.0
0.5,0.4,0.5,0.35,2509.0,0.0,694.0,8.0,29.0,229.0,46.0,50.0
0.5,0.4,0.7,0.35,3264.0,0.0,356.0,4.0,17.0,137.0,26.0,50.0
0.5,0.4,0.7,0.35,3103.0,0.0,425.0,3.0,12.0,68.0,17.0,50.0
0.5,0.4,0.7,0.35,3189.0,0.0,379.0,5.0,22.0,223.0,43.0,50.0
0.5,0.4,0.7,0.35,3051.0,0.0,427.0,7.0,23.0,218.0,41.0,50.0
0.5,0.4,0.7,0.35,3173.0,0.0,384.0,3.0,11.0,117.0,21.0,50.0
0.5,0.4,0.9,0.35,3795.0,0.0,116.0,5.0,28.0,281.0,57.0,50.0
0.5,0.4,0.9,0.35,3412.0,0.0,183.0,5.0,19.0,185.0,37.0,50.0
0.5,0.4,0.9,0.35,3512.0,0.0,182.0,7.0,33.0,252.0,54.0,50.0
0.5,0.4,0.9,0.35,3549.0,0.0,176.0,3.0,15.0,117.0,25.0,50.0
0.5,0.4,0.9,0.35,3589.0,0.0,178.0,6.0,28.0,236.0,50.0,50.0
0.5,0.4,0.3,0.4,2417.0,0.0,826.0,7.0,31.0,226.0,45.0,50.0
0.5,0.4,0.3,0.4,2414.0,0.0,916.0,5.0,18.0,168.0,30.0,50.0
0.5,0.4,0.3,0.4,2421.0,0.0,899.0,3.0,11.0,121.0,19.0,50.0
0.5,0.4,0.3,0.4,2401.0,0.0,885.0,7.0,29.0,232.0,46.0,50.0
0.5,0.4,0.3,0.4,2368.0,0.0,856.0,6.0,21.0,179.0,37.0,50.0
0.5,0.4,0.5,0.4,2886.0,0.0,575.0,6.0,22.0,164.0,33.0,50.0
0.5,0.4,0.5,0.4,2959.0,0.0,570.0,5.0,27.0,200.0,36.0,50.0
0.5,0.4,0.5,0.4,2859.0,0.0,648.0,7.0,27.0,226.0,41.0,50.0
0.5,0.4,0.5,0.4,2824.0,0.0,617.0,5.0,17.0,98.0,23.0,50.0
0.5,0.4,0.5,0.4,2798.0,0.0,682.0,4.0,15.0,94.0,20.0,50.0
0.5,0.4,0.7,0.4,3362.0,0.0,271.0,9.0,40.0,357.0,66.0,50.0
0.5,0.4,0.7,0.4,3225.0,0.0,412.0,7.0,26.0,240.0,48.0,50.0
0.5,0.4,0.7,0.4,3365.0,0.0,353.0,8.0,37.0,310.0,62.0,50.0
0.5,0.4,0.7,0.4,3281.0,0.0,393.0,9.0,34.0,260.0,55.0,50.0
0.5,0.4,0.7,0.4,3319.0,0.0,373.0,4.0,16.0,141.0,29.0,50.0
0.5,0.4,0.9,0.4,3860.0,5.0,92.0,6.0,29.0,326.0,56.0,50.0
0.5,0.4,0.9,0.4,3811.0,5.0,143.0,3.0,12.0,104.0,21.0,50.0
0.5,0.4,0.9,0.4,3719.0,5.0,156.0,6.0,20.0,145.0,28.0,50.0
0.5,0.4,0.9,0.4,3841.0,5.0,160.0,5.0,17.0,118.0,27.0,50.0
0.5,0.4,0.9,0.4,3708.0,5.0,167.0,8.0,39.0,371.0,75.0,50.0
0.5,0.4,0.3,0.45,2585.0,0.0,829.0,9.0,41.0,359.0,72.0,50.0
0.5,0.4,0.3,0.45,2513.0,0.0,868.0,6.0,21.0,156.0,32.0,50.0
0.5,0.4,0.3,0.45,2562.0,0.0,844.0,9.0,43.0,281.0,57.0,50.0
0.5,0.4,0.3,0.45,2480.0,0.0,840.0,7.0,27.0,223.0,42.0,50.0
0.5,0.4,0.3,0.45,2489.0,0.0,921.0,5.0,15.0,95.0,20.0,50.0
0.5,0.4,0.5,0.45,3107.0,1.0,539.0,7.0,22.0,144.0,33.0,50.0
0.5,0.4,0.5,0.45,3074.0,1.0,591.0,6.0,29.0,230.0,44.0,50.0
0.5,0.4,0.5,0.45,3022.0,1.0,573.0,4.0,20.0,175.0,35.0,50.0
0.5,0.4,0.5,0.45,3065.0,1.0,610.0,1.0,6.0,40.0,10.0,50.0
0.5,0.4,0.5,0.45,3100.0,1.0,571.0,7.0,27.0,187.0,32.0,50.0
0.5,0.4,0.7,0.45,3576.0,0.0,247.0,6.0,25.0,244.0,47.0,50.0
0.5,0.4,0.7,0.45,3419.0,0.0,339.0,8.0,34.0,338.0,62.0,50.0
0.5,0.4,0.7,0.45,3501.0,0.0,332.0,10.0,45.0,387.0,79.0,50.0
0.5,0.4,0.7,0.45,3492.0,0.0,313.0,6.0,24.0,190.0,35.0,50.0
0.5,0.4,0.7,0.45,3429.0,0.0,328.0,7.0,26.0,143.0,31.0,50.0
0.5,0.4,0.9,0.45,4119.0,3.0,77.0,5.0,20.0,116.0,26.0,50.0
0.5,0.4,0.9,0.45,3977.0,3.0,135.0,7.0,31.0,329.0,59.0,50.0
0.5,0.4,0.9,0.45,3890.0,3.0,139.0,4.0,18.0,108.0,22.0,50.0
0.5,0.4,0.9,0.45,3964.0,3.0,129.0,5.0,15.0,131.0,22.0,50.0
0.5,0.4,0.9,0.45,3889.0,3.0,133.0,5.0,23.0,182.0,33.0,50.0
0.5,0.4,0.3,0.5,2709.0,1.0,769.0,5.0,18.0,193.0,37.0,50.0
0.5,0.4,0.3,0.5,2664.0,1.0,877.0,3.0,11.0,91.0,17.0,50.0
0.5,0.4,0.3,0.5,2586.0,1.0,830.0,5.0,26.0,219.0,44.0,50.0
0.5,0.4,0.3,0.5,2668.0,1.0,882.0,6.0,25.0,157.0,35.0,50.0
0.5,0.4,0.3,0.5,2665.0,1.0,883.0,3.0,12.0,92.0,18.0,50.0
0.5,0.4,0.5,0.5,3281.0,2.0,478.0,7.0,26.0,238.0,47.0,50.0
0.5,0.4,0.5,0.5,3227.0,2.0,480.0,7.0,24.0,179.0,39.0,50.0
0.5,0.4,0.5,0.5,3242.0,2.0,534.0,4.0,15.0,178.0,29.0,50.0
0.5,0.4,0.5,0.5,3253.0,2.0,498.0,6.0,25.0,149.0,39.0,50.0
0.5,0.4,0.5,0.5,3231.0,2.0,522.0,5.0,21.0,185.0,35.0,50.0
0.5,0.4,0.7,0.5,3793.0,2.0,225.0,5.0,20.0,135.0,26.0,50.0
0.5,0.4,0.7,0.5,3504.0,2.0,291.0,7.0,38.0,358.0,71.0,50.0
0.5,0.4,0.7,0.5,3663.0,2.0,272.0,6.0,30.0,204.0,50.0,50.0
0.5,0.4,0.7,0.5,3625.0,2.0,305.0,5.0,20.0,135.0,34.0,50.0
0.5,0.4,0.7,0.5,3610.0,2.0,278.0,8.0,34.0,266.0,51.0,50.0
0.5,0.4,0.9,0.5,4150.0,5.0,79.0,4.0,20.0,145.0,28.0,50.0
0.5,0.4,0.9,0.5,4028.0,5.0,132.0,8.0,34.0,310.0,63.0,50.0
0.5,0.4,0.9,0.5,4063.0,5.0,104.0,6.0,22.0,137.0,29.0,50.0
0.5,0.4,0.9,0.5,4009.0,5.0,129.0,5.0,21.0,156.0,34.0,50.0
0.5,0.4,0.9,0.5,3945.0,5.0,145.0,5.0,19.0,175.0,34.0,50.0
